PlayerId,PlayerName,Height,Weight,Dob,Position
2020654979,Jake Aarts,177,75,1994-12-08,Forward
2018655703,Ryan Abbott,200,100,1991-06-25,Ruck
2002652211,Gary Ablett,182,87,1984-05-14,Forward
2014651814,Blake Acres,191,90,1995-10-07,Midfield
2025654137,Jed Adams,196,91,2004-05-14,Defender
2007653719,Leigh Adams,176,79,1988-04-06,Forward
2016652575,Marcus Adams,192,93,1993-06-30,Defender
2025656343,Oscar Adams,197,83,2003-07-23,Defender
2012656391,Taylor Adams,181,83,1993-09-20,Midfield
2004652814,Jed Adcock,183,83,1985-11-15,"Defender, Forward"
2006658504,Dylan Addison,184,84,1987-10-07,Forward
2015654090,Brendon Ah Chee,189,88,1993-12-21,Midfield
2016654616,Callum Ah Chee,182,78,1997-10-09,Defender
2018651635,Paul Ahern,183,85,1996-08-01,"Defender, Midfield"
2017651121,Ben Ainsworth,178,77,1998-02-10,Forward
2018658021,Brayden Ainsworth,184,80,1998-11-27,"Midfield, Forward"
2014659159,James Aish,183,80,1995-11-08,Defender
2022658947,Leek Aleer,195,85,2001-08-21,Defender
2025659430,Jasper Alger,183,77,2006-12-17,Forward
2016655002,Aliir Aliir,195,97,1994-09-05,Defender
2025653695,Bo Allan,191,85,2006-02-16,"Defender, Midfield"
2024651483,Edward Allan,194,82,2004-05-26,Midfield
2012659703,Jackson Allen,179,79,1993-04-14,Defender
2018659713,Oscar Allen,192,87,1999-03-19,Forward
2017654463,Jacob Allison,193,82,1998-04-16,Midfield
2020651689,Joel Amartey,197,96,1999-09-02,Ruck
2014655392,Patrick Ambrose,191,92,1991-09-01,Defender
2022655672,Jye Amiss,196,83,2003-07-31,Forward
2015653134,Karl Amon,181,71,1995-08-19,Midfield
2013651330,Jed Anderson,179,81,1994-02-02,Midfield
2020653600,Noah Anderson,188,86,2001-02-17,Midfield
2022652598,Mac Andrew,201,74,2003-12-04,Defender
2015656514,Harris Andrews,201,100,1996-12-11,Defender
2025657801,Cody Angove,182,82,2006-05-28,"Midfield, Forward"
2022659018,Ryan Angwin,185,80,2002-12-12,Midfield
2019652827,Noah Answerth,182,82,1999-08-06,Defender
2008657808,John Anthony,192,92,1988-01-19,Forward
2009655881,Liam Anthony,189,86,1987-09-09,Midfield
2014653706,Michael Apeness,199,101,1995-01-28,"Forward, Ruck"
2018659341,Flynn Appleby,187,82,1999-01-21,Defender
2022653660,Jackson Archer,185,75,2003-01-09,Defender
2008659471,Dennis Armfield,182,80,1986-12-22,Forward
2007654108,David Armitage,185,88,1988-06-16,"Midfield, Forward"
2025653529,Harry Armstrong,195,92,2006-06-14,Forward
2010658504,Tony Armstrong,183,72,1989-09-29,Defender
2013658050,Matt Arnot,180,86,1993-10-21,Midfield
2020651147,Lachie Ash,186,80,2001-06-21,"Defender, Midfield"
2014658541,Jason Ashby,187,77,1994-05-16,Defender
2025655762,Levi Ashcroft,179,75,2006-12-18,"Midfield, Forward"
2023658481,Will Ashcroft,182,78,2004-05-06,Midfield
2010658214,David Astbury,195,96,1991-02-26,Defender
2015652891,Rory Atkins,186,85,1994-07-12,Midfield
2019659412,Tom Atkins,180,86,1995-09-18,Forward
2017651348,Joe Atley,186,85,1998-08-04,Midfield
2011656008,Shaun Atley,189,86,1992-09-13,Defender
2016652024,Logan Austin,195,85,1995-07-08,Defender
2007655214,Mark Austin,193,93,1989-02-24,Defender
2012654717,Kurt Aylett,189,77,1992-04-02,Midfield
2012662089,Mark Baguley,178,81,1987-05-21,Forward
2009662364,Rohan Bail,183,82,1988-06-26,"Midfield, Forward"
2006669682,Max Bailey,206,101,1986-10-23,Ruck
2018665491,Zac Bailey,182,83,1999-09-23,"Defender, Midfield"
2018663038,Liam Baker,173,72,1998-01-27,"Defender, Midfield"
2019665482,Oskar Baker,184,82,1998-05-25,Midfield
2022666791,Kaine Baldwin,193,95,2002-05-30,Defender
2017661447,Harley Balic,187,82,1997-01-05,"Midfield, Forward"
2003663684,Luke Ball,184,83,1984-05-25,Midfield
2009661143,Hayden Ballantyne,175,77,1987-07-16,Forward
2018666487,Charlie Ballard,195,91,1999-07-23,Defender
2015663693,Jacob Ballard,188,89,1994-02-26,Midfield
2020661851,Connor Ballenden,200,101,1999-03-29,Forward
2019663723,Noah Balta,194,100,1999-10-23,"Forward, Ruck"
2025666838,Zac Banch,175,74,2003-07-21,Forward
2018667843,Bailey Banfield,190,92,1998-02-26,Forward
2010668479,Todd Banfield,183,83,1990-06-28,Forward
2023662597,Sam Banks,187,74,2003-04-02,Defender
2010664604,Michael Barlow,189,91,1987-12-18,"Midfield, Forward"
2023661734,Harry Barnett,203,98,2004-01-22,"Forward, Ruck"
2015662872,Tom Barrass,196,96,1995-10-08,Defender
2015663855,Jake Barrett,184,83,1995-11-08,Forward
2014667833,Dom Barry,179,78,1994-03-07,Midfield
2002669240,Jimmy Bartel,187,87,1983-12-04,"Defender, Midfield"
2006663560,Clint Bartram,181,83,1988-02-16,Defender
2010664900,Ryan Bastinac,186,82,1991-06-22,Midfield
2011668225,Jake Batchelor,188,88,1992-02-13,Defender
2006668068,Matthew Bate,192,93,1987-05-24,Forward
2000665614,Chance Bateman,175,75,1981-06-21,Midfield
2017662715,Josh Battle,193,92,1998-09-01,"Midfield, Forward"
2023663993,Jacob Bauer,192,86,2002-06-04,Forward
2022662353,Rhett Bazzo,195,86,2003-10-17,Defender
2011664174,Claye Beams,182,85,1991-09-01,Midfield
2009664745,Dayne Beams,187,88,1990-02-12,Midfield
2015663925,Hugh Beasley,190,86,1995-11-12,Defender
2022667848,Dominic Bedendo,191,83,2002-07-09,Midfield
2020667638,Toby Bedford,178,69,2000-05-27,Forward
2017666645,Jonathon Beech,188,88,1990-11-09,Forward
2025665823,Luke Beecken,185,73,2001-04-18,Defender
2022662989,Aiden Begg,197,90,2002-10-08,Ruck
2017664774,Josh Begley,188,89,1998-07-03,Forward
2019668572,James Bell,183,81,1999-02-10,"Midfield, Forward"
2012661596,Tom Bell,188,102,1991-06-13,Forward
2008665688,Tom Bellchambers,202,108,1989-07-09,Ruck
2011668878,Harley Bennell,185,74,1992-10-02,Midfield
2009665819,Jamie Bennell,179,78,1990-06-07,Defender
2021663355,Miles Bergman,186,75,2001-10-18,"Defender, Forward"
2022664334,Miller Bergman,188,70,2003-01-25,Defender
2017669695,Jarrod Berry,193,89,1998-02-05,Midfield
2025663563,Joe Berry,181,74,2006-04-18,Forward
2021661124,Sam Berry,181,81,2002-02-12,"Midfield, Forward"
2020669775,Tom Berry,185,76,2001-05-01,Forward
2005667052,Eddie Betts,174,74,1986-11-26,Forward
2011665801,Rohan Bewick,184,83,1989-10-10,"Midfield, Forward"
2019662031,Brett Bewley,185,87,1995-04-14,Forward
2014668825,Jed Bews,186,88,1993-12-14,Defender
2021663611,Trent Bianco,178,70,2001-01-20,"Defender, Midfield"
2025661683,Riley Bice,185,78,2000-09-26,Defender
2013663259,Shane Biggs,187,84,1991-08-05,Defender
2014668660,Jack Billings,184,79,1995-08-18,"Midfield, Forward"
2024669482,Jaxon Binns,183,72,2004-10-29,Midfield
2006668040,Grant Birchall,193,89,1988-01-28,Defender
2008661632,Craig Bird,179,84,1989-01-21,Midfield
2022661162,Aaron Black,181,81,1992-12-25,Midfield
2011665405,Aaron Black,192,88,1990-11-29,Forward
1998668708,Simon Black,186,81,1979-04-03,Midfield
2010662147,Jarryd Blair,174,81,1990-04-14,Forward
2000664544,Jason Blake,189,90,1981-03-15,Defender
2015665690,Connor Blakely,188,90,1996-03-02,Midfield
2019663435,Nick Blakey,195,80,2000-02-27,Forward
2025661445,Lachlan Blakiston,203,100,1998-09-09,Ruck
2022669910,James Blanck,196,93,2000-11-20,Defender
2011665941,Sam Blease,184,77,1991-02-19,"Midfield, Forward"
2012666354,Nathan Blee,191,84,1990-09-07,Defender
2013661585,Mark Blicavs,198,100,1991-03-28,"Defender, Midfield"
2024668157,Jacob Blight,196,102,2001-12-14,Defender
2007664906,Travis Boak,183,85,1988-08-01,Midfield
2004665411,Nathan Bock,193,93,1983-03-20,Forward
2015667529,Blaine Boekhorst,185,75,1993-09-02,"Midfield, Forward"
1999669174,Jude Bolton,182,84,1980-03-15,"Midfield, Forward"
2017662192,Shai Bolton,175,77,1998-12-08,"Midfield, Forward"
2018669246,Aiden Bonar,188,87,1999-03-08,Defender
2024662685,Hugh Bond,185,82,2004-09-25,Defender
2016662686,Riley Bonner,190,85,1997-03-07,Defender
2014665253,Marcus Bontempelli,193,93,1995-11-24,Midfield
2012667882,Josh Bootsma,190,74,1993-02-22,Defender
2023667830,James Borlase,192,101,2002-07-18,Defender
2020661983,Atu Bosenavulagi,180,82,2000-09-17,Forward
2013667350,Andrew Boston,180,80,1994-03-23,Midfield
2012669835,Jarrad Boumann,196,90,1989-08-18,Forward
2014668915,Jordon Bourke,193,88,1994-11-11,Defender
2006669101,Paul Bower,192,92,1988-01-09,Defender
2017663348,Jack Bowes,187,85,1998-01-26,Defender
2021666343,Jake Bowey,175,67,2002-09-12,"Midfield, Forward"
2025665657,Hugh Boxshall,188,80,2006-07-11,Midfield
2025661782,Harry Boyd,198,108,1998-02-11,Ruck
2022661982,Jordan Boyd,182,80,1998-09-22,Defender
2003661535,Matthew Boyd,184,88,1982-08-27,Defender
2014666381,Tom Boyd,200,103,1995-08-22,"Forward, Ruck"
2004665807,Kepler Bradley,199,100,1985-11-13,Forward
2024661676,Shadeau Brain,183,80,2004-02-13,Forward
2021668904,Lachlan Bramble,182,75,1998-04-19,"Midfield, Forward"
2016668464,Kaiden Brand,198,98,1994-04-08,Defender
2018661796,Jarrod Brander,195,92,1999-02-11,"Midfield, Forward"
2018669647,Andrew Brayshaw,184,84,1999-11-08,Midfield
2015665345,Angus Brayshaw,187,87,1996-01-09,Midfield
2020663853,Hamish Brayshaw,187,90,1998-02-09,Midfield
2012666535,Jacob Brennan,188,82,1990-01-24,Defender
2003664471,Jared Brennan,192,95,1984-07-28,Defender
2011663064,Luke Breust,184,84,1990-11-11,Forward
2021665802,Kieren Briggs,200,103,1999-10-06,"Defender, Forward"
2016661079,Nathan Broad,192,89,1993-04-15,Defender
2009666472,Matthew Broadbent,189,90,1990-08-01,Defender
2025661710,Sandy Brock,198,90,2002-12-14,Defender
2021662446,Tyler Brockman,181,75,2002-11-22,"Midfield, Forward"
2017664185,Will Brodie,189,89,1998-08-23,"Midfield, Forward"
2001665891,Dean Brogan,200,101,1978-12-14,Ruck
2015663968,Keegan Brooksby,197,99,1990-04-27,"Forward, Ruck"
2014666439,Tim Broomhead,185,80,1994-03-22,"Midfield, Forward"
2009668502,Greg Broughton,189,85,1986-09-29,Defender
2014665536,Ben Brown,200,101,1992-11-20,Forward
2017661572,Callum Brown,178,77,1998-04-27,Forward
2021667039,Callum Brown,188,91,2000-08-15,Forward
2002665223,Campbell Brown,177,83,1983-08-28,Forward
2000667335,Jonathan Brown,195,103,1981-10-29,Forward
2024668394,Kynan Brown,181,71,2005-01-13,"Midfield, Forward"
2012662083,Luke Brown,181,81,1992-09-22,Defender
2011669981,Mitch Brown,196,95,1990-08-28,Forward
2007668175,Mitch Brown,195,93,1988-12-17,Defender
2008662225,Nathan Brown,196,99,1988-12-17,Defender
2023663831,Tom Brown,193,81,2003-07-30,Defender
2020663480,Tyler Brown,188,77,1999-12-09,Midfield
2011661435,Alex Browne,187,85,1992-08-09,Defender
2000661056,Cameron Bruce,190,87,1979-09-30,"Midfield, Ruck"
2012666113,Josh Bruce,197,101,1992-06-08,Forward
2021661243,Tanner Bruhn,183,74,2002-05-27,Midfield
2021669724,Nick Bryan,202,87,2001-10-22,Ruck
2002665070,Amon Buchanan,179,83,1982-10-10,Forward
2013662460,Dylan Buckley,179,77,1993-03-16,Forward
2020666559,Jack Buckley,193,87,1997-12-17,"Midfield, Forward"
2007661314,Simon Buckley,190,93,1987-04-18,Defender
2020666381,Connor Budarick,175,72,2001-04-06,"Midfield, Forward"
2012669664,Tomas Bugg,185,79,1993-04-05,Midfield
2023669115,Jack Buller,199,99,2001-05-16,Forward
2012664999,Matt Buntine,189,84,1993-10-19,"Defender, Forward"
2013665300,George Burbury,186,80,1992-06-16,Forward
2019661033,Chris Burgess,191,82,1995-11-26,Defender
2022661131,Jase Burgoyne,186,65,2003-07-15,Defender
2002669287,Shaun Burgoyne,186,89,1982-10-21,"Defender, Forward"
2016669115,Ryan Burton,191,90,1997-01-31,Defender
2025666354,Jedd Busslinger,198,85,2004-03-11,Defender
2011666378,John Butcher,197,94,1991-07-03,Forward
2017669102,Dan Butler,182,80,1996-06-03,Forward
2020668745,Louis Butler,184,75,2001-08-26,"Defender, Midfield"
2004669429,Sam Butler,187,86,1986-01-14,Defender
2022666360,Sam Butler,184,76,2003-02-10,Forward
2019663639,Zak Butters,181,71,2000-09-08,Forward
2020665315,Jordon Butts,198,83,1999-12-31,Defender
2017665513,Wylie Buzza,198,102,1996-03-02,Forward
2015666052,Ciaran Byrne,187,88,1994-12-06,Defender
2016664470,Darcy Byrne-Jones,181,75,1995-09-20,Defender
2020667484,Ryan Byrnes,180,81,2001-05-03,Midfield
2004662178,Shannon Byrnes,175,77,1984-04-07,Forward
2020665793,Jack Bytel,189,78,2000-03-14,Midfield
2013672474,Jaryd Cachia,184,86,1991-05-08,Midfield
2011679683,Josh Caddy,186,87,1992-09-28,Midfield
2024671171,Nate Caddy,193,88,2005-07-14,Forward
2023672014,Aaron Cadman,195,93,2004-03-03,Forward
2020677029,Ned Cahill,178,77,2001-01-11,"Midfield, Forward"
2019677166,Jye Caldwell,183,82,2000-09-28,Midfield
2022679681,Finn Callaghan,192,86,2003-04-26,Midfield
2011675768,Ian Callinan,171,70,1982-12-20,Forward
2022674905,Jackson Callow,194,95,2002-06-11,Forward
2014678070,Charlie Cameron,181,74,1994-07-05,Forward
2014672695,Clay Cameron,191,86,1994-05-27,"Defender, Forward"
2018675233,Darcy Cameron,204,100,1995-07-18,Forward
2019672790,Jarrod Cameron,182,70,2000-05-03,Forward
2012671758,Jeremy Cameron,196,96,1993-04-01,Forward
2023674231,Anthony Caminiti,196,85,2003-12-09,Forward
2021672027,Braeden Campbell,181,73,2002-02-04,"Midfield, Forward"
2007676889,Matt Campbell,170,72,1987-01-21,Forward
2024675246,Seth Campbell,182,73,2004-12-29,Forward
2012678444,Tom Campbell,200,106,1991-11-02,"Forward, Ruck"
2025677672,Lucas Camporeale,184,64,2006-07-21,Midfield
2006674623,Alipate Carlile,192,98,1987-04-30,Defender
2010679948,Jake Carlisle,201,104,1991-10-01,Defender
2022677560,Josh Carmichael,190,89,1999-09-23,Forward
2004674249,Andrew Carrazzo,187,85,1983-12-15,Midfield
2022678427,Jack Carroll,188,82,2002-12-20,Midfield
2025676986,Matt Carroll,188,81,2005-11-28,Defender
2013676622,Adam Carter,179,74,1994-04-17,Defender
2019677689,Jason Carter,185,76,2000-01-11,Defender
2012674522,Levi Casboult,201,101,1990-03-15,"Defender, Forward"
2002679320,Domenic Cassisi,184,82,1982-09-22,Midfield
2016673772,Jason Castagna,181,82,1996-07-12,Forward
2020677310,Ben Cavarra,173,72,1995-12-20,Forward
2013677583,Jonathon Ceglar,204,102,1991-02-14,"Forward, Ruck"
2018676857,Adam Cerra,188,84,1999-10-07,Midfield
2025674785,Malakai Champion,172,69,2006-05-17,Forward
2019677190,Kade Chandler,174,75,2000-01-13,Forward
2004672392,Troy Chaplin,195,97,1986-02-23,Defender
2021673890,Heath Chapman,193,81,2002-01-31,Defender
2000677111,Paul Chapman,179,87,1981-11-05,Forward
2009675555,Kyle Cheney,187,90,1989-08-25,Defender
2023679477,Campbell Chesser,186,85,2003-04-27,Midfield
2016676375,Mabior Chol,198,78,1997-01-29,"Forward, Ruck"
2011676773,Allen Christensen,177,80,1991-05-19,Forward
2022672578,Isaac Chugg,181,84,2002-02-26,Defender
2023671777,Alex Cincotta,187,86,1996-12-17,Defender
2022676445,Greg Clark,195,94,1997-05-24,Midfield
2018671740,Hunter Clark,187,82,1999-03-26,"Defender, Midfield"
2023675787,Jhye Clark,181,77,2004-07-23,Midfield
2019674146,Jordan Clark,185,78,2000-10-16,Midfield
2006671443,Mitch Clark,200,103,1987-10-19,Forward
2025671057,Angus Clarke,188,86,2006-05-08,Defender
2024676452,Charlie Clarke,183,80,2004-01-04,Forward
2018673109,Dylan Clarke,186,85,1998-09-06,"Midfield, Forward"
2022671465,Judson Clarke,180,72,2003-10-17,Forward
2013678536,Justin Clarke,195,93,1993-11-18,Defender
2007679983,Martin Clarke,181,85,1987-11-13,Defender
2004671285,Raphael Clarke,188,82,1985-09-24,Defender
2016673046,Ryan Clarke,186,85,1997-06-17,Midfield
2009677840,Zac Clarke,203,96,1990-03-28,"Forward, Ruck"
2021672637,Oscar Clavarino,197,89,1999-05-22,Defender
2016671933,Josh Clayton,190,80,1996-01-17,Midfield
2024677816,Caiden Cleary,182,79,2005-03-05,Midfield
2022679299,Luke Cleary,190,78,2002-03-05,Defender
2012679529,Steve Clifton,182,84,1987-05-27,Midfield
2013678994,Mitch Clisby,182,83,1990-01-05,Defender
2024671144,Sam Clohesy,189,72,2002-12-12,"Defender, Midfield"
2023679870,Ted Clohesy,184,77,2004-09-06,Forward
2005673207,Travis Cloke,196,105,1987-03-05,Forward
2020672557,Brad Close,181,68,1998-07-30,"Midfield, Forward"
2014673665,Michael Close,197,98,1994-07-30,Forward
2014672868,Tom Clurey,193,88,1994-03-23,Defender
2011675790,Michael Coad,190,86,1983-09-13,Defender
2025679783,Tom Cochrane,182,82,2006-01-27,Midfield
2015671937,Nakia Cockatoo,186,89,1996-10-23,"Midfield, Forward"
2018671121,Nick Coffield,191,82,1999-10-23,Defender
2016676071,Tom Cole,186,81,1997-05-28,Defender
2020674302,Keidean Coleman,183,75,2000-03-31,"Midfield, Forward"
2019679542,Callum Coleman-Jones,200,102,1999-06-13,"Forward, Ruck"
2024679332,Lance Collard,185,70,2005-03-26,Forward
2014678354,Brant Colledge,192,90,1994-10-25,Midfield
2021677886,Riley Collier-Dawkins,189,89,2000-02-03,Midfield
2009672438,Andrew Collins,184,72,1988-11-17,Forward
2016676275,Kieran Collins,193,98,1997-12-14,Defender
2016673744,Sam Collins,194,98,1994-06-15,Defender
2013673021,Sam Colquhoun,179,72,1994-12-20,Midfield
2010674136,Travis Colyer,175,77,1991-08-24,Forward
2021671581,Charlie Comben,199,82,2001-07-20,"Forward, Ruck"
2011678952,Reece Conca,181,84,1992-08-12,Defender
2012675967,Stephen Coniglio,182,86,1993-12-15,Midfield
2021678301,Leo Connolly,181,74,2001-08-07,"Defender, Midfield"
2007671624,Daniel Connors,186,84,1988-09-22,Defender
2019679706,Charlie Constable,191,86,1999-05-18,Midfield
2023671567,Toby Conway,206,101,2003-04-24,Ruck
2021678665,Brayden Cook,189,80,2002-07-18,"Midfield, Forward"
2004676124,Adam Cooney,187,83,1985-09-30,Forward
2012671110,Rhys Cooyou,183,70,1991-03-22,Forward
2019672117,Josh Corbett,190,90,1996-04-23,Forward
2011679714,Ayce Cordy,204,99,1990-08-06,"Forward, Ruck"
2015679832,Zaine Cordy,193,90,1996-10-27,Defender
2000679963,Joel Corey,191,89,1982-02-17,Midfield
2009679767,Aaron Cornelius,192,88,1990-05-29,Forward
1999671338,Chad Cornes,192,95,1979-11-12,Defender
2001676477,Kane Cornes,183,78,1983-01-05,Midfield
2013679173,Aidan Corr,195,97,1994-05-17,Defender
2008672876,Trent Cotchin,185,86,1990-04-07,Midfield
2020672697,Matthew Cottrell,181,72,2000-02-29,Defender
2012676642,Tom Couch,177,79,1988-06-17,Midfield
2023673142,Matthew Coulthard,176,76,2001-05-11,Forward
2017674525,James Cousins,185,84,1998-03-19,"Midfield, Forward"
2011672696,Josh Cowan,184,79,1991-03-16,Midfield
2023678749,Lachlan Cowan,188,82,2004-12-01,Defender
2017679746,Brennan Cox,195,99,1998-08-13,Defender
2017678146,Cedric Cox,181,79,1997-08-19,Forward
2001674745,Dean Cox,203,104,1981-08-01,"Forward, Ruck"
2016678001,Mason Cox,211,105,1991-03-14,Forward
2021674111,Nik Cox,199,82,2002-01-15,"Defender, Forward"
2010672367,Stewart Crameri,190,98,1988-08-10,Forward
2010675838,Jesse Crichton,183,78,1991-06-18,Midfield
2011671975,Jamie Cripps,183,84,1992-04-23,Forward
2014676336,Patrick Cripps,195,92,1995-03-18,Midfield
2012675021,Jack Crisp,190,90,1993-10-02,Defender
2016673533,Ben Crocker,188,83,1997-02-19,Forward
2025677313,Jordan Croft,201,81,2005-05-12,Forward
2002674940,Daniel Cross,187,87,1983-03-30,Midfield
2018678662,Brayden Crossley,198,102,1999-08-16,Forward
2013674392,Brad Crouch,186,85,1994-01-14,Midfield
2014678470,Matt Crouch,182,80,1995-04-21,Midfield
2018676565,Mitch Crowden,176,84,1999-04-28,Forward
2005674327,Ryan Crowley,188,88,1984-03-05,Midfield
2012673943,Hayden Crozier,185,79,1993-12-24,Defender
2022675734,Jai Culley,193,87,2003-02-24,"Midfield, Forward"
2022677846,Noah Cumberland,183,80,2001-03-15,Forward
2018671956,Isaac Cumming,184,83,1998-08-11,Defender
2017672631,Jordan Cunico,184,78,1996-05-07,Midfield
2016678303,David Cuningham,185,85,1997-03-30,Forward
2012674793,Harry Cunningham,181,78,1993-12-06,Defender
2010679202,Ben Cunnington,185,88,1991-06-30,Midfield
2016676081,Charlie Curnow,192,96,1997-02-03,Forward
2011679390,Ed Curnow,180,85,1989-11-07,Midfield
2013671345,Tom Curren,178,78,1992-07-29,Forward
2014671709,Daniel Currie,201,96,1989-02-15,Ruck
2024677532,Daniel Curtin,197,95,2005-03-08,"Defender, Midfield"
2022676305,Paul Curtis,185,75,2003-03-04,Forward
2014673527,Tom Cutler,192,92,1995-02-20,Midfield
2011684234,Luke Dahlhaus,179,77,1992-08-21,Forward
2017688313,Josh Daicos,178,76,1998-11-26,"Midfield, Forward"
2022681904,Nick Daicos,184,73,2003-01-03,"Defender, Midfield"
2002688908,Nick Dal Santo,185,85,1984-02-22,Midfield
2015684036,Bailey Dale,183,82,1996-07-22,"Defender, Forward"
2012688831,Frazer Dale,187,77,1993-11-10,Midfield
2013683697,Lauchlan Dalgleish,185,77,1993-06-22,Defender
2008687516,Bradd Dalziell,184,82,1987-03-15,Midfield
2022683898,Massimo DAmbrosio,178,80,2003-06-05,Defender
2008681760,Patrick Dangerfield,189,92,1990-04-05,"Midfield, Forward"
2015685477,Caleb Daniel,168,72,1996-07-07,Defender
2018682126,Brent Daniels,170,74,1999-03-09,Forward
2013689718,Joe Daniher,200,99,1994-03-04,Forward
2022681589,Sam Darcy,205,94,2003-07-19,Forward
2017681648,Sean Darcy,202,113,1998-06-12,"Forward, Ruck"
2012685071,Sam Darley,186,82,1993-02-15,Defender
2011688430,Jack Darling,191,95,1992-06-13,Forward
2025688002,Jesse Dattoli,179,86,2006-07-07,"Midfield, Forward"
2004689690,Aaron Davey,177,75,1983-06-10,Forward
2007682836,Alwyn Davey,173,72,1984-05-15,Forward
2023681337,Alwyn Davey,181,77,2004-02-26,Forward
2025689153,Sam Davidson,190,82,2001-12-13,"Midfield, Forward"
2021689563,Alex Davies,191,85,2002-03-18,Midfield
2024681560,Hugh Davies,196,90,2004-09-28,Defender
2010686160,Marcus Davies,188,86,1991-04-06,Defender
2018687507,Luke Davies-Uniacke,188,85,1999-06-08,Midfield
2019683521,Ben Davis,187,85,1997-05-19,Forward
2025689377,Hamish Davis,190,85,2006-05-02,"Midfield, Forward"
2010684139,Phil Davis,197,96,1990-08-30,Defender
2008686669,Ryan Davis,188,85,1989-06-07,Forward
2013682832,Troy Davis,192,96,1992-06-10,Defender
2013681745,Majak Daw,195,97,1991-03-11,Forward
2008681895,Chris Dawes,193,105,1988-05-16,Forward
2018681606,Jacob Dawson,182,79,1999-11-03,Defender
2017687056,Jordan Dawson,192,86,1997-04-09,Defender
2022688216,Kallan Dawson,196,89,1998-07-22,Defender
2015687577,Liam Dawson,188,84,1996-01-23,"Defender, Forward"
2024689335,Wil Dawson,200,86,2005-12-20,"Defender, Forward"
2005681903,Zac Dawson,197,94,1986-02-22,Defender
2011685784,Sam Day,197,104,1992-09-06,Forward
2020683796,Will Day,187,70,2001-06-05,Defender
2025687490,Archer Day-Wicks,186,82,2006-05-13,"Midfield, Forward"
2009682045,Matt de Boer,189,87,1990-03-10,Midfield
2015681643,Jordan de Goey,188,92,1996-03-15,"Midfield, Forward"
2021689846,Sam De Koning,200,85,2001-02-26,Defender
2018682020,Tom De Koning,201,92,1999-07-16,Ruck
2010684385,Matt Dea,186,85,1991-10-13,Defender
2024689789,Charlie Dean,195,86,2001-06-19,Defender
2024689594,Calsher Dear,195,87,2005-08-04,Forward
2025685333,Josaia Delana,176,78,2006-07-01,Midfield
2012689252,Cameron Delaney,194,91,1992-06-19,Defender
2011687873,Luke Delaney,194,97,1989-06-24,Defender
2005682511,Brett Deledio,188,88,1987-04-18,"Midfield, Forward"
2012686219,Cory DellOlio,175,81,1989-12-08,Forward
2017688971,Josh Deluca,181,85,1996-05-11,Midfield
2006687473,Courtenay Dempsey,185,80,1987-08-28,Defender
2022682466,Oliver Dempsey,185,70,2003-01-07,Forward
2005688835,Sean Dempster,191,87,1984-01-20,Defender
2010681920,Trent Dennis-Lane,181,75,1988-08-30,Forward
2012681353,Tom Derickx,204,96,1987-12-07,Ruck
2014765737,Angus Dewar,192,88,1992-10-12,Defender
2024684250,Tyrell Dewar,185,67,2004-03-27,Forward
2015681532,Matthew Dick,187,88,1994-11-03,Defender
2012684055,Tory Dickson,184,85,1987-09-26,Forward
2001685283,Alan Didak,184,85,1983-02-15,Forward
2011685707,Charlie Dixon,200,105,1990-09-23,Forward
2019688496,Hugh Dixon,196,96,1999-02-26,Forward
2009684492,Nathan Djerrkura,174,78,1988-09-19,Forward
2013689598,Sam Docherty,187,87,1993-10-17,Defender
2025681781,Alex Dodson,203,96,2006-06-15,Ruck
2018689604,Tom Doedee,188,88,1997-03-01,Defender
2025689440,Josh Dolan,177,71,2006-11-11,Forward
2000686938,Michael Doughty,177,81,1979-08-05,Defender
2006687579,Richard Douglas,181,79,1987-02-06,"Midfield, Forward"
2018682738,Paddy Dow,187,83,1999-10-16,"Midfield, Forward"
2020682831,Thomson Dow,182,76,2001-10-16,Midfield
2024684008,Billy Dowling,187,80,2004-07-01,"Midfield, Forward"
2021684041,Connor Downie,185,82,2002-05-31,Midfield
2013688184,Tom Downie,203,99,1993-04-27,"Forward, Ruck"
2024688774,Josh Draper,197,92,2004-02-09,Defender
2020686068,Sam Draper,205,107,1998-09-28,Ruck
2025686489,Sid Draper,182,72,2006-07-05,"Midfield, Forward"
2019689522,Willem Drew,188,78,1998-10-01,Midfield
2005684804,Josh Drummond,189,88,1983-04-19,Defender
2015682087,Nathan Drummond,182,86,1995-01-19,Forward
2023682484,Blake Drury,177,74,2004-01-11,Forward
2025686175,Isaiah Dudley,171,73,2003-04-30,Forward
2006681944,Paul Duffield,188,86,1985-02-05,Defender
2014681930,Max Duffy,184,77,1993-04-11,Forward
2015684385,Liam Duggan,184,83,1996-12-11,"Defender, Midfield"
2011686118,Nick Duigan,186,88,1984-09-07,Defender
2018682359,Taylin Duman,193,83,1998-04-18,Defender
2015686612,Trent Dumont,186,87,1995-06-30,Midfield
2010681330,Mitch Duncan,188,88,1991-06-10,Midfield
2012686176,Sam Dunell,190,81,1990-02-21,Midfield
2016686128,Josh Dunkley,190,88,1997-01-09,"Midfield, Forward"
2019684011,Kyle Dunkley,185,84,2000-06-20,"Midfield, Forward"
2006686832,Lynden Dunn,192,102,1987-05-14,Defender
2014685238,Luke Dunstan,185,84,1995-01-29,Midfield
2021688595,Corey Durdin,173,73,2002-04-14,"Midfield, Forward"
2017681470,Sam Durdin,198,95,1996-06-06,Defender
2021684001,Sam Durham,185,75,2001-07-09,"Defender, Midfield"
2013682780,Taylor Duryea,179,80,1991-04-24,"Defender, Forward"
2019688399,Xavier Duursma,186,73,2000-07-07,Midfield
2024681712,Zane Duursma,190,79,2005-08-28,"Midfield, Forward"
2013684280,Sam Dwyer,180,76,1986-08-29,Midfield
2004684249,Ricky Dyson,183,86,1985-09-28,Midfield
2018694494,Matt Eagles,200,99,1990-02-09,Defender
2008697342,Brad Ebert,189,90,1990-04-02,Forward
2004691834,Brett Ebert,179,84,1983-11-18,Forward
2017691846,Brett Eddy,193,97,1989-08-26,Forward
2005697695,Aaron Edwards,184,92,1984-03-02,Forward
2020698920,Harry Edwards,197,87,2000-10-01,Defender
2021698502,Luke Edwards,188,83,2002-02-12,Midfield
2007699633,Shane Edwards,182,80,1988-10-25,Midfield
2012692229,Shaun Edwards,189,83,1993-12-13,"Midfield, Forward"
2025694282,Tom Edwards,191,80,2000-05-20,Forward
2019699470,Derek Eggmolesse-Smith,180,80,1998-05-04,Defender
2025693909,Saad El-Hawli,184,74,2001-05-15,"Defender, Midfield"
2008691384,David Ellard,177,80,1989-03-13,Forward
2012693235,Jamie Elliott,178,81,1992-08-21,"Midfield, Forward"
2012694309,Brandon Ellis,181,82,1993-08-03,Midfield
2015693944,Corey Ellis,184,79,1996-10-09,Defender
2007692829,Xavier Ellis,186,81,1988-02-28,Defender
2014697406,Cam Ellis-Yolmen,190,97,1993-01-28,Midfield
2012693506,Todd Elton,197,100,1993-04-29,Forward
1999692464,Andrew Embley,189,91,1981-06-27,Midfield
2023699567,Tom Emmett,186,89,2001-11-30,Forward
2017691632,Tim English,205,93,1997-08-10,Ruck
2001699973,Corey Enright,187,90,1981-09-14,Defender
2022692335,Neil Erasmus,190,83,2003-12-02,Midfield
2015698557,Billy Evans,187,87,1996-10-19,"Midfield, Forward"
2021698799,Francis Evans,182,78,2001-08-23,Forward
2024693558,Logan Evans,189,80,2005-10-07,Defender
2011693004,Michael Evans,180,75,1992-07-13,Midfield
2007699922,Andrejs Everitt,194,90,1989-03-13,Forward
2023704907,Josh Fahey,187,82,2003-11-11,Midfield
2014707339,Orazio Fantasia,178,77,1995-09-14,"Defender, Forward"
2020702883,Jy Farrar,191,79,1996-12-07,Defender
2018705908,Kane Farrell,182,74,1999-03-17,"Midfield, Forward"
2011709903,Alex Fasolo,179,84,1992-06-08,Forward
2011706972,Peter Faulks,192,80,1988-04-24,Defender
2025702475,Jonty Faull,195,92,2006-02-01,Forward
2025705003,Liam Fawcett,197,89,2005-04-22,Forward
2013702203,Jackson Ferguson,194,89,1992-10-23,"Defender, Forward"
2015708320,Tom Fields,192,93,1992-12-19,Defender
2017708800,Jeremy Finlayson,196,93,1996-02-09,Forward
2016702492,Brayden Fiorini,186,82,1997-08-22,Midfield
2003703030,Michael Firrito,189,93,1983-11-27,Defender
2004705704,Sam Fisher,191,94,1982-07-10,Defender
2017703824,Zac Fisher,177,75,1998-06-15,"Midfield, Forward"
2011705438,Jack Fitzpatrick,200,99,1991-06-26,Ruck
2012707516,Piers Flanagan,189,74,1992-03-31,Midfield
2020702940,Sam Flanders,182,81,2001-07-24,"Midfield, Forward"
2023705165,Cameron Fleeton,192,89,2002-06-17,Defender
1993707514,Dustin Fletcher,198,92,1975-05-07,Defender
2023703844,Jaspa Fletcher,183,76,2004-02-24,Midfield
2022701984,Jake Florenca,184,86,1997-05-15,Midfield
2017702539,Oliver Florent,185,81,1998-07-22,Midfield
2021706816,Matt Flynn,200,103,1997-09-13,Ruck
2018704381,Darcy Fogarty,193,94,1999-09-25,Forward
2018707413,Lachie Fogarty,180,76,1999-04-01,Forward
2012709592,Israel Folau,193,102,1989-04-03,Forward
2020702375,Luke Foley,188,75,1999-10-08,Defender
2005706701,Nathan Foley,178,79,1985-09-08,"Midfield, Forward"
2024703159,Joe Fonti,189,73,2004-12-24,Defender
2020707823,Zac Foot,181,73,2000-12-24,"Midfield, Forward"
2016707219,Jordan Foote,183,82,1996-01-02,"Midfield, Forward"
2021709219,Eddie Ford,184,73,2002-06-21,Forward
2013703141,Alex Forster,189,85,1993-07-14,Defender
2019703444,Darcy Fort,204,99,1993-08-06,Forward
2017701570,Robbie Fox,185,85,1993-04-16,Defender
2018703883,Billy Frampton,200,90,1996-11-20,Forward
2016701470,Aaron Francis,192,90,1997-08-10,Defender
2005708162,Lance Franklin,199,105,1987-01-30,Forward
2000707821,Josh Fraser,202,100,1982-01-05,Ruck
2007704941,James Frawley,193,96,1988-09-20,Defender
2021707277,Martin Frederick,178,74,2000-05-17,Defender
2020708891,Michael Frederick,183,71,2000-05-17,Forward
2014703691,Jonathan Freeman,198,96,1994-04-27,Forward
2018702584,Nathan Freeman,183,88,1995-06-16,Midfield
2024702484,Joel Freijah,191,88,2005-11-14,"Midfield, Forward"
2018705341,Bayley Fritsch,188,82,1996-12-06,Forward
2013703623,Jack Frost,195,90,1992-02-25,Defender
2012702150,Sam Frost,194,93,1993-08-28,Defender
2020704278,Tom Fullarton,199,92,1999-02-23,Forward
2010704250,Nat Fyfe,192,96,1991-09-18,"Midfield, Forward"
2011712726,Andrew Gaff,183,85,1992-06-16,Midfield
2024711958,Harvey Gallagher,181,77,2003-09-26,"Midfield, Forward"
2025716669,Ty Gallop,194,92,2006-02-09,Forward
2017713949,Jordan Gallucci,182,78,1998-05-04,Forward
2024715792,Hugo Garcia,185,78,2005-05-22,"Midfield, Forward"
2021712561,Riley Garcia,177,70,2001-01-30,Midfield
2014713583,Darcy Gardiner,193,92,1995-09-22,Defender
2019719435,Ryan Gardner,197,93,1997-06-01,Forward
2007718224,Colin Garland,191,92,1988-04-28,Defender
2009712142,Cruize Garlett,174,74,1989-03-06,Midfield
2015716289,Jarrod Garlett,181,75,1996-05-03,Forward
2009718600,Jeff Garlett,180,72,1989-08-03,Forward
2019714603,Joel Garner,184,83,1999-05-21,Defender
2013717746,Taylor Garner,187,88,1994-01-08,Forward
2018714804,Ryan Garthwaite,192,91,1998-06-30,Defender
2014713700,Corey Gault,200,97,1992-10-28,Forward
2011718646,Max Gawn,208,109,1991-12-30,Ruck
2008717670,Jarryn Geary,183,82,1988-06-23,Defender
2020717789,Mitch Georgiades,191,78,2001-09-28,Forward
2014712309,Alex Georgiou,187,88,1990-02-01,Defender
2001711934,Daniel Giansiracusa,182,83,1982-03-11,Forward
2019713093,Michael Gibbons,175,75,1995-05-15,Forward
2007712963,Bryce Gibbs,188,84,1989-03-15,Midfield
2022713582,Josh Gibcus,196,87,2003-04-04,Defender
2006712221,Josh Gibson,189,93,1984-03-13,Defender
2012713054,Sam Gibson,185,83,1986-05-27,Midfield
2001717234,Lindsay Gilbee,180,83,1981-07-08,Defender
2006716318,Sam Gilbert,194,90,1986-08-19,Defender
2012715261,Jonathan Giles,201,101,1988-01-08,Ruck
2005714730,Stephen Gilham,192,86,1984-09-02,Defender
2011719276,Jacob Gillbee,184,76,1992-09-13,Forward
2009718283,Tom Gillies,192,87,1990-03-07,Defender
2023716476,Reuben Ginbey,191,83,2004-09-10,Midfield
2021716435,Jack Ginnivan,183,77,2002-12-19,"Midfield, Forward"
2018711847,Stefan Giro,175,77,1999-03-10,Midfield
2017716658,Conor Glass,189,84,1997-09-28,Defender
2000715359,Darren Glass,192,93,1981-05-14,Defender
2014717758,Martin Gleeson,191,84,1994-08-25,Defender
2015712141,Josh Glenn,180,78,1994-03-10,Midfield
2022715651,Josh Goater,190,80,2003-06-02,Defender
2003717206,Brendon Goddard,193,94,1985-05-20,"Defender, Midfield"
2015719665,Hugh Goddard,196,94,1996-08-24,Defender
2011713984,Mitch Golby,184,84,1991-10-03,Defender
2012716989,Tim Golds,193,86,1993-04-06,Defender
2007719632,Tyson Goldsack,193,93,1987-05-22,Defender
2008718054,Todd Goldstein,201,103,1988-07-01,Ruck
2021712671,Lachlan Gollant,191,72,2001-09-12,"Defender, Midfield"
1999715950,Adam Goodes,191,100,1980-01-08,Forward
2013711261,Brett Goodes,183,89,1984-02-17,Defender
2016718608,Matthew Goodyear,185,79,1996-07-20,Midfield
2011713166,Nathan Gordon,186,86,1990-02-12,Forward
2011717073,Daniel Gorringe,200,96,1992-06-02,"Forward, Ruck"
2023711871,Will Gould,192,102,2001-01-14,Defender
2018717325,Billy Gowers,187,87,1996-06-10,Forward
2007711157,Angus Graham,201,106,1987-04-16,Ruck
2019718127,Caleb Graham,195,92,2000-09-12,Defender
2017716913,Jack Graham,181,82,1998-02-25,"Midfield, Forward"
2013718523,Nick Graham,182,82,1994-06-12,"Midfield, Forward"
2024718501,Will Graham,186,81,2005-07-27,"Defender, Midfield"
2021716124,Denver Grainger-Barras,195,78,2002-04-17,Defender
2003714335,Jason Gram,186,88,1984-04-27,Defender
2009716371,Jarrad Grant,193,85,1989-07-06,Forward
2025714901,Campbell Gray,195,91,2003-09-01,"Defender, Forward"
2007719318,Robbie Gray,183,84,1988-03-30,Forward
2014711121,Sam Gray,176,75,1992-02-01,Forward
2020715132,Damon Greaves,186,77,2000-04-25,Defender
2000714442,Brad Green,184,86,1981-03-13,Forward
2011713720,Josh Green,178,77,1992-08-24,Forward
2024719228,Steely Green,179,76,2004-01-09,Forward
2020719374,Tom Green,188,85,2001-01-23,Midfield
2018719221,Fergus Greene,187,75,1997-12-20,Forward
2012717773,Toby Greene,182,83,1993-09-25,Forward
2017716174,Hugh Greenwood,191,92,1992-03-06,"Midfield, Forward"
2009711665,Levi Greenwood,181,87,1989-02-19,Midfield
2025717671,Lucca Grego,184,77,2006-08-15,Midfield
2015713711,Cory Gregson,175,79,1996-09-04,Forward
2016716809,Jade Gresham,179,79,1997-08-24,Midfield
2015714459,Brady Grey,180,87,1995-07-20,Forward
2005717264,Ryan Griffen,192,88,1986-07-27,"Midfield, Forward"
2007715779,Jonathon Griffin,201,104,1986-01-14,Ruck
2010719862,Ben Griffiths,200,101,1991-09-17,Forward
2013715229,Mitch Grigg,182,81,1993-01-02,"Midfield, Forward"
2007714710,Shaun Grigg,190,85,1988-04-19,Midfield
2009714554,Nathan Grima,192,94,1985-08-05,Defender
2010719510,Dylan Grimes,193,90,1991-07-16,Defender
2008713743,Jack Grimes,187,82,1989-05-11,Defender
2013717372,Sam Grimley,199,96,1991-01-03,"Forward, Ruck"
2025711476,Tom Gross,181,70,2006-09-15,"Midfield, Forward"
1999715542,Antoni Grover,189,98,1980-03-11,Defender
2013718586,Brodie Grundy,203,100,1994-04-15,Ruck
2006713298,Heath Grundy,192,103,1986-06-02,Defender
2024712053,Max Gruzewski,192,84,2004-07-21,Forward
2018714830,Matt Guelfi,184,85,1997-08-14,"Defender, Midfield"
2000712753,Brent Guerra,182,90,1982-05-29,Defender
2025717538,Lachlan Gulbin,187,81,2006-11-24,Forward
2021712929,Errol Gulden,175,75,2002-07-18,"Midfield, Forward"
2007717112,Scott Gumbleton,197,97,1988-08-03,Forward
2010713968,Jack Gunston,193,87,1991-10-16,Forward
2011716859,Cameron Guthrie,187,86,1992-08-19,Midfield
2017711451,Zach Guthrie,187,76,1998-06-30,"Defender, Midfield"
2005712694,James Gwilt,188,96,1986-08-11,Defender
2010718363,Jordan Gysberts,190,82,1991-06-11,Midfield
2003727095,David Hale,201,102,1984-05-22,"Forward, Ruck"
2012722939,Aaron Hall,185,85,1990-11-09,"Defender, Forward"
2024727382,Clay Hall,190,88,2005-05-12,Midfield
2012729778,Josh Hall,197,88,1990-04-03,Forward
2025723999,Max Hall,183,83,2002-04-15,"Midfield, Forward"
2014725037,Mitch Hallahan,183,84,1992-08-23,Midfield
2019727673,Brayden Ham,181,70,1999-04-25,"Midfield, Forward"
2020728148,Will Hamill,186,71,2000-11-17,Defender
2022721344,Cooper Hamilton,184,85,2003-09-24,Midfield
2015725767,Joel Hamling,194,92,1993-04-09,Defender
2016721208,Matthew Hammelmann,197,88,1996-03-08,Defender
2007721397,Shaun Hampson,201,106,1988-03-21,Ruck
2012721746,Curtly Hampton,185,90,1993-03-10,Midfield
2010722790,Ashton Hams,174,77,1986-09-06,Forward
2013725318,Will Hams,180,71,1994-07-14,Forward
2025726390,Tom Hanily,179,0,2005-05-31,"Midfield, Forward"
2008722128,Pearce Hanley,185,86,1988-11-15,Defender
2017729930,Mitch Hannan,189,87,1994-03-09,Forward
2013729886,Jack Hannath,201,102,1991-07-09,"Forward, Ruck"
2009726698,Dan Hannebery,181,80,1991-02-24,Midfield
2019721542,Oliver Hanrahan,181,75,1998-08-27,Forward
2007729523,Lachlan Hansen,197,98,1988-08-17,Defender
2023722187,Robert Hansen,182,76,2004-03-13,Forward
2007728751,Jarrod Harbrow,178,73,1988-07-18,Defender
2024728054,Riley Hardeman,184,75,2005-02-27,Defender
2010722670,Kyle Hardingham,186,85,1988-09-01,Defender
2016727274,Blake Hardwick,181,79,1997-02-05,Defender
2002728153,Ryan Hargrave,190,87,1981-07-26,Defender
2015722143,James Harmes,185,82,1995-10-05,"Defender, Midfield"
2011722464,Kieran Harper,187,84,1992-06-15,Forward
2023726183,Harvey Harrison,181,83,2003-11-10,Forward
2013724713,Kyle Hartigan,194,98,1991-11-07,Defender
2009724069,Hamish Hartlett,185,83,1990-08-14,Defender
2016725811,Michael Hartley,198,104,1993-06-07,Defender
2014721249,Brad Hartman,188,86,1994-11-16,"Midfield, Forward"
2014721177,Billy Hartung,177,78,1995-01-24,Midfield
1996722607,Brent Harvey,177,75,1978-05-14,Forward
2023723443,Cooper Harvey,180,81,2004-07-12,Forward
2010729784,Ryan Harwood,184,87,1991-08-07,Defender
2024725760,Angus Hastie,190,74,2005-09-19,Defender
2019721038,Jackson Hately,190,83,2000-10-21,Midfield
2007724084,Tom Hawkins,198,103,1988-07-21,Forward
2008725018,James Hawksley,187,84,1989-02-05,Defender
2019727565,Kyron Hayden,186,86,1999-06-07,Midfield
2022728420,Jack Hayes,193,91,1997-03-06,Forward
1999728913,Lenny Hayes,186,84,1980-01-14,Midfield
2025724530,Lewis Hayes,199,84,2004-12-17,Defender
2022725566,Sam Hayes,205,102,1999-06-09,Ruck
2019723676,Will Hayes,181,77,1995-06-05,Midfield
2025726240,Will Hayes,180,80,2006-05-16,Midfield
2012726893,Nick Haynes,193,90,1992-05-18,Defender
2017724516,Will Hayward,187,84,1998-10-26,Forward
2010721643,Campbell Heath,187,75,1991-04-01,Defender
2025724327,Max Heath,204,97,2002-10-24,"Forward, Ruck"
2016721866,Kurt Heatherley,193,89,1995-01-01,Defender
2015728707,Isaac Heeney,186,84,1996-05-05,Forward
2011724405,Brad Helbig,185,83,1992-02-28,Midfield
2025729545,Jack Henderson,176,69,1999-10-01,"Midfield, Forward"
2008721800,Lachie Henderson,196,98,1989-12-14,Defender
2010728130,Ricky Henderson,188,89,1988-09-11,Midfield
2018726120,Jack Henry,191,92,1998-08-29,Defender
2020729143,Liam Henry,179,67,2001-08-28,"Midfield, Forward"
2021729247,Oliver Henry,186,72,2002-07-29,Forward
2011723674,Dyson Heppell,189,84,1992-05-14,"Defender, Midfield"
2014725575,Louis Herbert,188,77,1994-06-27,Forward
2018722737,Jacob Heron,180,76,1999-12-10,Forward
2023725664,Elijah Hewett,186,86,2004-05-27,"Midfield, Forward"
2016726232,George Hewett,187,84,1995-12-29,"Defender, Midfield"
2011723717,Michael Hibberd,186,90,1990-01-03,Defender
2017726713,Mitchell Hibberd,190,87,1996-09-23,Midfield
2011729980,Tom Hickey,201,96,1991-03-06,Ruck
2018729702,Jack Higgins,177,78,1999-03-19,Forward
2006722851,Shaun Higgins,184,89,1988-03-04,"Midfield, Forward"
2021726276,Tom Highmore,192,89,1998-02-24,Defender
2019723393,Bobby Hill,175,66,2000-02-09,Forward
2012727078,Bradley Hill,179,79,1993-07-09,"Defender, Midfield"
2007723471,Josh Hill,186,85,1989-01-19,Forward
2009726782,Stephen Hill,183,82,1990-05-01,Defender
2001722269,David Hille,202,108,1981-06-02,"Forward, Ruck"
2018722651,Elliott Himmelberg,198,94,1998-06-04,Forward
2016723009,Harry Himmelberg,194,92,1996-05-08,Forward
2019726583,Nick Hind,180,71,1994-08-19,Forward
2011723312,Taylor Hine,184,75,1992-01-24,Defender
2019722465,Mitch Hinge,190,84,1998-06-26,Midfield
2016727589,Eric Hipwood,204,90,1997-09-13,Forward
2016729317,Jack Hiscox,184,74,1995-03-23,"Midfield, Forward"
2010725040,Cameron Hitchcock,176,73,1990-07-03,Forward
2022728364,Ben Hobbs,183,79,2003-09-16,Midfield
2007725691,Heath Hocking,184,87,1987-12-27,Midfield
2002729746,Luke Hodge,185,92,1984-06-15,Defender
2015723350,Jesse Hogan,195,100,1995-02-12,Forward
2022721303,Elijah Hollands,189,86,2002-04-25,Midfield
2023726081,Oliver Hollands,184,72,2004-01-16,Midfield
2014721524,Nick Holman,189,87,1995-05-29,Forward
2015722491,Jason Holmes,203,105,1989-10-28,Ruck
2021723612,Max Holmes,189,74,2002-08-29,"Midfield, Forward"
2012723748,Jack Hombsch,194,89,1993-03-07,Defender
2020723773,Josh Honey,184,79,2001-10-17,"Midfield, Forward"
2014723568,Mitch Honeychurch,175,70,1995-03-02,Forward
2008723099,Cale Hooker,198,103,1988-10-13,"Defender, Forward"
2010726025,Andrew Hooper,172,82,1991-01-18,Forward
2016727433,Jacob Hopper,187,87,1997-02-06,Midfield
2019724353,Marty Hore,190,84,1996-03-05,Defender
2012725993,George Horlin-Smith,188,84,1992-12-22,"Defender, Midfield"
2022727815,Jason Horne-Francis,185,81,2003-06-21,Midfield
2012729082,Kyal Horsley,182,88,1987-09-02,Midfield
2020727912,Lachlan Hosie,180,78,1997-02-25,Forward
2012724284,Will Hoskin-Elliott,186,82,1993-09-02,Forward
2025724312,Taj Hotton,182,79,2006-06-17,"Midfield, Forward"
2022726016,Brady Hough,189,71,2003-03-05,Defender
2007727197,Bachar Houli,180,83,1988-05-12,Defender
2017722204,Dan Houston,186,83,1997-05-12,"Defender, Midfield"
2011723193,Christian Howard,184,81,1991-03-19,Defender
2016728510,Dougal Howard,199,92,1996-03-25,Defender
2015729666,Daniel Howe,191,87,1995-12-04,"Defender, Midfield"
2011725789,Jeremy Howe,190,86,1990-06-29,Defender
2024724923,Blake Howes,191,82,2003-04-07,Defender
2010723845,Ben Howlett,180,75,1988-10-21,"Midfield, Forward"
2013727716,Nathan Hrovat,175,78,1994-06-07,Forward
2004721793,Ben Hudson,196,105,1979-02-24,Ruck
2015723338,Ethan Hughes,188,89,1994-12-07,Defender
2023728211,Bailey Humphrey,186,86,2004-09-11,Forward
2024727982,Lawson Humphries,182,79,2003-01-24,"Defender, Midfield"
2016725603,Jayden Hunt,187,82,1995-04-03,"Defender, Forward"
2001729317,Josh Hunt,184,102,1982-03-14,Defender
2011724495,Karmichael Hunt,186,92,1986-11-17,Midfield
2010723176,Taylor Hunt,184,80,1990-11-05,Defender
2013723481,Lachie Hunter,183,82,1994-12-13,"Midfield, Forward"
2021729078,Paul Hunter,200,104,1993-02-09,Ruck
2009727654,Michael Hurley,192,94,1990-06-01,Defender
2006724485,Shannon Hurn,187,95,1987-09-04,Defender
2023727997,Henry Hustwaite,195,84,2004-07-20,Midfield
2020724875,Tom Hutchesson,177,75,1995-04-04,"Midfield, Forward"
2013728891,Mark Hutchings,182,83,1991-05-25,"Midfield, Forward"
2011724392,Jack Hutchins,191,92,1992-02-20,Defender
2024722075,Jack Hutchinson,190,0,2001-11-10,Forward
2025727534,Cooper Hynes,190,87,2006-02-28,Midfield
2007734931,Garrick Ibbotson,186,84,1988-03-15,Defender
2019735732,Connor Idun,191,91,2000-07-29,Defender
2006735610,Sam Iles,183,76,1987-06-19,Midfield
2014738925,Jarman Impey,178,82,1995-07-09,"Defender, Forward"
2013742144,Brandon Jack,182,80,1994-05-25,"Midfield, Forward"
2007746814,Kieren Jack,178,81,1987-06-28,"Midfield, Forward"
2004747957,Daniel Jackson,188,91,1986-04-25,Midfield
2025743184,Hugh Jackson,182,75,2003-05-03,Midfield
2020747780,Luke Jackson,198,84,2001-09-29,Ruck
2011747373,Ben Jacobs,185,85,1992-01-09,Midfield
2009748959,Sam Jacobs,200,102,1988-04-10,Ruck
2010744089,Matthew Jaensch,180,82,1989-09-18,Defender
2013741198,Kristian Jaksch,196,90,1994-10-07,"Defender, Forward"
2003742162,Mark Jamar,198,101,1983-08-09,Ruck
2022748655,Callum Jamieson,200,94,2000-07-31,Forward
2007743432,Michael Jamison,193,97,1986-06-11,Defender
2016747613,Jarrad Jansen,192,94,1995-05-02,"Midfield, Forward"
2020749465,Ben Jarvis,189,65,2000-07-27,Defender
2025749475,Matthew Jefferson,195,86,2004-03-08,Forward
2021743503,Joel Jeffrey,192,78,2002-03-12,Defender
2021743898,Emerson Jeka,197,87,2001-09-18,Forward
2012743763,Josh Jenkins,200,108,1989-02-08,Forward
2025742261,Ben Jepson,184,75,2001-10-10,Defender
2007745836,Leroy Jetta,177,75,1988-07-06,Forward
2010743044,Lewis Jetta,182,80,1989-05-04,Defender
2009746213,Neville Jetta,180,83,1990-02-12,Defender
2019749505,Changkuoth Jiath,185,74,1999-06-13,Defender
2024747721,Tew Jiath,188,72,2005-03-02,Defender
2012749203,Jason Johannisen,180,82,1992-11-08,"Defender, Forward"
2002744632,Graham Johncock,178,87,1982-10-21,"Defender, Forward"
2025744718,Aidan Johnson,193,92,2000-03-09,Forward
2017743742,Aidyn Johnson,185,81,1997-10-31,Forward
2011747073,Alex Johnson,193,91,1992-03-02,Defender
2022747585,Ash Johnson,193,87,1997-10-06,Forward
2000741966,Ben Johnson,183,84,1981-04-05,Midfield
2014746616,Blaine Johnson,186,84,1995-07-28,Forward
2023746838,Matthew Johnson,193,84,2003-03-16,Midfield
2005742792,Michael Johnson,195,92,1984-10-20,Defender
2002743458,Steve Johnson,189,95,1983-07-04,Forward
2025747632,Zak Johnson,185,76,2006-12-24,Midfield
2024742429,Harvey Johnston,185,79,2005-08-18,"Midfield, Forward"
2011744071,Lewis Johnston,193,91,1991-03-03,Forward
2023745424,Lloyd Johnston,184,76,2004-09-21,Defender
2019742146,Tom Jok,190,74,1997-01-01,Midfield
2001745717,Darren Jolly,200,108,1981-11-06,Ruck
2011746753,Tom Jonas,188,89,1991-01-09,Defender
2023748190,Arthur Jones,180,71,2003-07-18,Forward
2019748529,Chayce Jones,180,77,2000-01-14,Forward
2007745322,Clinton Jones,183,83,1984-02-02,Midfield
2024749805,Darcy Jones,175,67,2004-04-03,Forward
2021741376,Harry Jones,194,75,2001-02-25,Forward
2020741124,Harry Jones,185,80,1999-03-15,Midfield
2018744900,Jamaine Jones,180,81,1998-09-29,Forward
2021744647,Lachie Jones,188,88,2002-04-09,Defender
2010741553,Liam Jones,199,97,1991-02-24,Defender
2013746965,Matt Jones,188,81,1987-10-18,Forward
2006749514,Nathan Jones,180,87,1988-01-20,"Midfield, Forward"
2018744038,Scott Jones,203,115,1995-05-20,"Forward, Ruck"
2014745540,Zak Jones,181,80,1995-03-15,Midfield
2012745000,Lin Jong,188,88,1993-06-04,"Midfield, Forward"
2021745011,James Jordon,186,80,2000-12-20,Midfield
2009743268,Aaron Joseph,180,78,1989-07-04,Defender
2018741884,Darragh Joyce,195,90,1997-04-23,Defender
2016746929,Jesse Joyce,191,84,1997-08-17,Defender
2002749381,Chris Judd,189,88,1983-09-08,Midfield
2009744104,Liam Jurrah,188,86,1988-09-22,Forward
2025755539,Isaac Kako,175,73,2006-03-07,"Midfield, Forward"
2011758466,Patrick Karnezis,191,88,1992-04-23,Forward
2016753899,Malcolm Karpany,176,73,1995-06-01,Forward
2012754326,Elliott Kavanagh,185,75,1993-05-19,Midfield
2020753798,Mark Keane,194,92,2000-03-17,Defender
2017759851,Alex Keath,197,93,1992-01-20,Defender
2016755444,Ben Keays,185,89,1997-02-23,Forward
2011752234,Lachlan Keeffe,204,102,1990-04-14,Defender
2025756433,Isaac Keeler,198,91,2004-04-23,Forward
2019754525,Declan Keilty,194,94,1995-05-08,Defender
2015754078,Jake Kelly,190,89,1995-01-21,Defender
2002755178,James Kelly,183,85,1983-12-29,"Defender, Midfield"
2014752713,Josh Kelly,184,83,1995-02-12,"Midfield, Forward"
2018758572,Tim Kelly,182,81,1994-07-26,Midfield
2020753223,Will Kelly,194,84,2000-08-16,Forward
2021756692,Brodie Kemp,192,82,2001-05-01,Midfield
2014755458,Jay Kennedy Harris,173,68,1995-03-21,Midfield
2012758114,Adam Kennedy,182,80,1992-07-12,Midfield
2013759576,Ben Kennedy,175,76,1994-03-03,Forward
2006757023,Josh Kennedy,196,102,1987-08-25,Forward
2008757561,Josh Kennedy,189,97,1988-06-20,Midfield
2016756448,Matthew Kennedy,188,89,1997-04-06,Forward
2013759685,Dean Kent,180,85,1994-02-24,Forward
2001755665,Daniel Kerr,178,80,1983-05-16,Midfield
2018754945,Pat Kerr,194,94,1998-07-31,Forward
2012751590,Sam Kerridge,188,86,1993-04-26,Midfield
2014757844,Shane Kersten,191,90,1993-03-15,Defender
2021753591,Buku Khamis,189,82,2000-03-24,Defender
2019755490,Ben King,202,87,2000-07-07,Forward
2007752894,Jake King,178,82,1984-03-26,Forward
2020755397,Max King,202,90,2000-07-07,Forward
2017751175,Kayle Kirby,182,89,1998-10-26,Forward
2022753480,Mitch Knevitt,193,84,2003-01-08,Midfield
2015753305,Riley Knight,181,80,1995-03-27,Forward
2005755125,Chris Knights,184,84,1986-09-25,Forward
2015755425,Jake Kolodjashnij,193,94,1995-08-09,Defender
2014753810,Kade Kolodjashnij,190,85,1995-08-09,Midfield
2013755643,Nick Kommer,185,78,1990-09-28,Forward
2025754955,Jacob Konstanty,177,73,2004-11-09,Forward
2021759277,Jacob Koschitzke,196,94,2000-07-11,"Defender, Forward"
2001755145,Justin Koschitzke,197,94,1982-09-20,Forward
2001758724,Andrew Krakouer,176,76,1983-02-04,Forward
2007756618,Nathan Krakouer,182,78,1988-05-05,Defender
2021754613,Nathan Kreuger,196,88,1999-06-25,Forward
2008759130,Matthew Kreuzer,200,101,1989-05-13,Ruck
2019763449,Peter Ladhams,202,95,1998-01-14,"Forward, Ruck"
2009765343,Jeremy Laidler,190,91,1989-08-05,Defender
2013762245,Rory Laird,177,81,1993-12-29,Defender
2002767704,Brian Lake,195,98,1982-02-27,Defender
2025767706,Sam Lalor,188,88,2006-08-30,"Midfield, Forward"
2013764158,Jed Lamb,181,83,1992-10-19,Forward
2015763666,Tom Lamb,193,82,1996-10-19,Forward
2015766910,Kane Lambert,178,77,1991-11-26,Forward
2014769437,Darcy Lang,183,81,1995-11-21,Forward
2015765853,Ed Langdon,182,78,1996-02-01,Midfield
2014767136,Tom Langdon,190,85,1994-06-09,Defender
2018762677,Zac Langdon,177,81,1995-11-13,Forward
2025761179,Harvey Langford,191,85,2006-03-15,Midfield
2015769089,Kyle Langford,191,87,1996-12-01,"Midfield, Forward"
2013762405,Will Langford,187,83,1992-07-03,"Midfield, Forward"
2019769044,Doulton Langlands,187,83,1999-07-29,Midfield
2017767879,Nick Larkey,198,93,1998-06-06,Forward
2023764351,Bailey Laurie,179,79,2002-03-24,Forward
2015764273,Jayden Laverde,191,91,1996-04-12,"Defender, Forward"
2021768073,Charlie Lazzaro,179,73,2002-03-25,"Midfield, Forward"
2025762233,James Leake,188,77,2005-10-02,Defender
2005767865,Mark LeCras,184,82,1986-08-30,Forward
2011769646,Tom Ledger,178,76,1992-03-17,Midfield
2012765975,Brendan Lee,181,78,1987-09-09,Midfield
2013769068,Tom Lee,194,91,1991-01-02,Defender
2024765676,Mykelti Lefau,195,94,1998-06-22,Forward
2014766983,Sean Lemmens,184,84,1994-11-02,"Defender, Forward"
2014765217,Ben Lennon,188,84,1995-07-05,Forward
2014768460,Jack Leslie,197,98,1995-04-27,Defender
2011768267,Ryan Lester,192,85,1992-08-26,Defender
2007764226,Matthew Leuenberger,203,103,1988-06-07,Ruck
2015761111,Jake Lever,195,91,1996-03-05,Defender
2005763817,Jordan Lewis,186,86,1986-04-24,"Defender, Midfield"
2018768364,Mitch Lewis,198,92,1998-10-14,Forward
2011766698,Tom Liberatore,183,83,1992-05-16,Midfield
2025762727,Mani Liddy,181,75,2002-02-20,Midfield
2018764219,Jarrod Lienert,195,88,1994-08-05,Defender
2025768150,Xavier Lindsay,183,72,2006-08-03,Midfield
2020762867,Matt Ling,184,79,1999-04-21,Defender
2017765014,Patrick Lipinski,187,84,1998-07-17,Midfield
2011767450,Jordan Lisle,196,95,1990-07-12,Forward
2017765543,Daniel Lloyd,187,85,1992-02-18,Forward
2014767931,Jake Lloyd,181,79,1993-09-20,Defender
2014769049,Sam Lloyd,180,81,1990-03-03,Forward
2014767105,Rory Lobb,206,106,1993-02-09,"Forward, Ruck"
2010768693,Matthew Lobbe,200,97,1989-02-12,Ruck
2019764880,Jay Lockhart,177,75,1996-02-03,Forward
2005762612,Tom Logan,183,83,1985-07-02,Defender
2017763635,Griffin Logue,193,101,1998-04-13,Defender
2022763202,Kai Lohmann,185,77,2003-05-06,Forward
2025763717,Leo Lombard,179,74,2006-10-05,Midfield
2013763446,Jesse Lonergan,184,91,1994-11-14,Midfield
2006766646,Sam Lonergan,182,81,1987-03-26,Midfield
2005764453,Tom Lonergan,197,95,1984-05-17,Defender
2017766216,Ben Long,184,79,1997-08-21,Defender
2016766324,Jake Long,186,75,1996-02-03,Midfield
2022761008,Ned Long,194,92,2003-02-05,Midfield
2023763555,Noah Long,179,78,2004-08-23,Forward
2012768161,Billy Longer,202,105,1993-05-12,Ruck
2015767957,Jack Lonie,175,70,1996-08-13,Forward
2022762756,Alastair Lord,181,75,2003-11-26,Defender
2024769666,Cooper Lord,184,83,2005-03-20,Midfield
2023763499,Ollie Lord,197,92,2002-01-02,Forward
2024764082,Will Lorenz,186,72,2005-02-19,"Midfield, Forward"
2016769324,Kieran Lovell,174,80,1997-05-16,Midfield
2004766827,Nathan Lovett-Murray,190,87,1982-11-18,Midfield
2014762021,Luke Lowden,206,103,1991-02-22,"Forward, Ruck"
2006762818,Nick Lower,189,83,1987-06-23,Midfield
2025767971,Luamon Lual,181,72,2005-03-28,Defender
2010761539,Kane Lucas,188,79,1991-06-26,Midfield
2019762758,Jack Lukosius,195,83,2000-08-09,"Defender, Forward"
2005769839,Heritier Lumumba,188,91,1986-11-15,Defender
2015761767,Michael Luxford,186,92,1995-02-23,Forward
2011765875,Scott Lycett,203,98,1992-09-26,Ruck
2018764637,Brad Lynch,187,79,1997-07-11,Defender
2020769362,Max Lynch,200,99,1998-09-12,Ruck
2002761398,Quinten Lynch,192,103,1983-01-24,Forward
2011769877,Tom Lynch,199,99,1992-10-31,Forward
2010763943,Tom Lynch,193,88,1990-09-15,Forward
2012767797,Jarryd Lyons,184,84,1992-07-22,Midfield
2009775586,Brent Macaffer,187,90,1988-02-29,Midfield
2023771999,Bailey Macdonald,182,74,2004-08-04,Defender
2022779148,Connor Macdonald,184,77,2003-01-13,Forward
2004771275,Joel Macdonald,188,88,1984-10-10,Defender
2008774238,David Mackay,181,78,1988-07-25,"Defender, Midfield"
2023775518,Cam Mackenzie,188,82,2004-01-21,Forward
2007772585,Eric Mackenzie,197,100,1988-05-19,Defender
2004773563,Andrew Mackie,193,82,1984-08-07,Defender
2025776429,Ewan Mackinlay,182,80,2003-07-18,"Midfield, Forward"
2010773291,Jamie Macmillan,188,89,1991-09-23,Defender
2016775553,Darcy Macpherson,174,78,1997-10-29,Forward
2021775741,Finlay Macrae,186,78,2002-03-13,"Midfield, Forward"
2013773561,Jack Macrae,191,85,1994-08-03,Midfield
2017773487,Harrison Macreadie,196,89,1998-04-11,Defender
2021778288,James Madden,186,85,1999-11-15,"Defender, Forward"
2025774628,Nick Madden,204,112,2004-05-17,Ruck
2018779988,Jack Madgen,192,98,1993-04-25,Defender
2011774180,Alik Magin,181,72,1991-04-13,Forward
2020773698,Finn Maginness,187,80,2001-02-23,Midfield
2012774323,James Magner,178,82,1987-08-12,Midfield
2002778334,Matt Maguire,192,101,1984-05-30,Defender
2020773938,Jack Mahony,176,70,2001-11-12,"Midfield, Forward"
2008779414,Beau Maister,194,98,1986-03-20,Forward
2005779565,Nick Malceski,189,86,1984-08-15,Defender
2025772152,Finnbar Maley,197,98,2003-07-18,"Forward, Ruck"
2024779873,Shaun Mannagh,178,80,1997-08-06,"Midfield, Forward"
2021772303,Rhyan Mansell,180,70,2000-06-04,Defender
2015774820,Caleb Marchbank,193,90,1996-12-07,Defender
2016774584,Adam Marcon,180,80,1992-07-28,Midfield
2008775055,Addam Maric,176,76,1990-04-18,Forward
2006775039,Ivan Maric,200,102,1986-01-04,Ruck
2023776058,Ryan Maric,196,93,2004-09-06,Forward
2016772457,Oleg Markov,188,82,1996-05-08,Defender
2011772281,Lukas Markovic,193,95,1987-01-05,Defender
2016778822,Harrison Marsh,188,86,1994-01-13,Defender
2015776308,Jonathon Marsh,193,87,1995-10-17,Defender
2017772591,Rowan Marshall,201,104,1995-11-24,"Forward, Ruck"
2025779546,Sam Marshall,185,82,2006-01-19,Midfield
2017771202,Todd Marshall,198,87,1998-10-08,Forward
2009775114,Brodie Martin,180,82,1988-11-06,"Midfield, Forward"
2010771114,Dustin Martin,187,93,1991-06-26,"Midfield, Forward"
2014777536,Jack Martin,186,83,1995-01-29,Forward
2013776772,Kyle Martin,178,77,1990-09-17,Midfield
2022771801,Nic Martin,190,86,2001-04-03,Midfield
2008772670,Stefan Martin,199,104,1986-11-17,Ruck
2021778106,Will Martyn,186,82,2001-03-29,Midfield
2008773494,Chris Masten,180,78,1989-05-02,Midfield
2011775065,Brandon Matera,173,74,1992-03-11,Forward
2016773696,Rhys Mathieson,188,87,1997-01-10,"Midfield, Forward"
2002774605,Martin Mattner,189,86,1982-08-06,Defender
2004772199,Nick Maxwell,193,93,1983-06-03,Defender
2025775033,Archie May,198,95,2004-08-27,Forward
2011771473,Steven May,193,100,1992-01-10,Defender
2013773131,Sam Mayes,189,88,1994-05-20,Midfield
2015777207,Brayden Maynard,189,90,1996-09-20,Defender
2017778711,Corey Maynard,185,89,1991-10-07,Midfield
2008777521,Chris Mayne,188,84,1988-11-02,"Defender, Midfield"
2020773834,Shane McAdam,181,78,1995-05-28,Forward
2023779594,Lachlan McAndrew,209,101,2000-05-26,Ruck
2020772746,Fischer McAsey,197,91,2001-03-08,Defender
2024774958,Kane McAuliffe,187,86,2005-03-01,Midfield
2015771473,Liam McBean,202,93,1994-08-25,Forward
2014774903,Cam McCarthy,192,92,1995-04-01,Forward
2008779834,John McCarthy,189,82,1989-11-19,Midfield
2012775679,Lincoln McCarthy,176,84,1993-10-22,Forward
2012777801,Pat McCarthy,196,84,1992-03-11,Defender
2025776595,Tom McCarthy,188,89,2000-07-12,"Defender, Midfield"
2015771167,Paddy McCartin,194,100,1996-04-19,Forward
2018776402,Tom McCartin,193,89,1999-12-30,"Defender, Forward"
2011771867,Broc McCauley,202,98,1986-12-20,Ruck
2017777675,Hugh McCluggage,187,85,1998-03-03,Midfield
2022772357,Robbie McComb,181,82,1995-12-19,"Midfield, Forward"
2021778355,Beau McCreery,186,80,2001-04-19,Forward
1997774920,James McDonald,180,75,1976-10-05,Midfield
2021775073,Logan McDonald,196,86,2002-04-04,Forward
2014771514,Luke McDonald,189,89,1995-02-09,"Defender, Midfield"
2015775369,Oscar McDonald,196,100,1996-03-18,Defender
2011779716,Tom McDonald,194,99,1992-09-18,Forward
2016777834,Anthony McDonald-Tipungwuti,171,77,1993-04-22,Forward
2013776806,Matt McDonough,180,82,1994-01-26,Defender
2021779675,Jed McEntee,176,76,2001-02-15,Forward
2008773550,Ben McEvoy,200,102,1989-07-11,"Defender, Ruck"
2009774395,Patrick McGinnity,183,83,1989-02-18,Forward
2006779437,Ben McGlynn,172,76,1985-08-06,Forward
2014774094,Jeremy McGovern,196,99,1992-04-15,Defender
2016777178,Mitch McGovern,191,93,1994-10-11,Forward
2017775567,Andrew McGrath,178,83,1998-06-02,Midfield
2001775390,Ashley McGrath,183,86,1983-05-20,Forward
2015774272,Jaden McGrath,180,73,1996-06-15,"Defender, Forward"
2006778718,Luke McGuane,192,90,1987-02-12,Forward
2020777569,Ned McHenry,179,70,2000-07-13,Midfield
2019779724,Justin McInerney,187,73,2000-08-18,Midfield
2018777090,Oscar McInerney,205,107,1994-07-10,"Forward, Ruck"
2012771932,Andrew McInnes,191,87,1992-03-20,Defender
2015775207,Fraser McInnes,197,91,1993-07-19,Ruck
2022773776,Reef McInnes,194,87,2002-12-12,Forward
2005774357,Hamish McIntosh,203,103,1984-09-04,Ruck
2015771823,Kamdyn McIntosh,191,91,1994-04-03,Midfield
2012774233,Tim McIntyre,176,79,1989-04-09,Forward
2017775377,Ben McKay,201,95,1997-12-24,Defender
2017779237,Harry McKay,204,99,1997-12-24,Forward
2011771265,Niall McKeever,196,95,1989-02-16,Defender
2015772271,Conor McKenna,184,88,1996-03-28,Defender
2012773565,Brad McKenzie,186,84,1993-05-29,"Defender, Midfield"
2015776577,Daniel McKenzie,185,83,1996-05-17,Defender
2009774052,Jordie McKenzie,186,82,1990-06-21,Midfield
2011773387,Trent McKenzie,191,83,1992-04-03,Defender
2024777348,Colby McKercher,182,76,2005-04-12,"Defender, Midfield"
2009771825,Shaun McKernan,196,100,1990-09-01,"Forward, Ruck"
2025772179,Will McLachlan,185,80,2005-04-13,Forward
2004774432,Brock McLean,184,85,1986-03-11,Midfield
2019773410,Hayden McLean,197,93,1999-01-20,Ruck
2015771528,Toby McLean,180,79,1996-01-31,Forward
2024773480,Angus McLennan,188,82,2003-09-02,Defender
2025776239,Liam McMahon,197,88,2002-05-02,Forward
2007771749,Scott McMahon,184,88,1986-06-02,Defender
2023778125,Toby McMullin,183,83,2004-08-06,Forward
2021773466,Lachlan McNeil,182,80,2001-02-09,"Midfield, Forward"
2017779850,Ben McNiece,178,76,1992-03-22,Defender
2000774739,Luke McPharlin,192,91,1981-12-01,Defender
2001778407,Adam McPhee,190,91,1982-10-06,Forward
2020772453,Andrew McPherson,186,79,1999-06-20,Defender
2005775398,Andrew McQualter,179,74,1986-06-09,Forward
2014774590,Daniel McStay,195,100,1995-06-24,Forward
2023777983,Judd McVee,185,76,2003-08-07,Defender
2004776824,Jarrad McVeigh,184,81,1985-04-07,Defender
1999774620,Mark McVeigh,184,85,1981-01-26,"Defender, Midfield"
2022777516,Jackson Mead,184,83,2001-09-30,"Midfield, Forward"
2021775615,Lloyd Meek,203,111,1998-04-22,Ruck
2017773724,Lewis Melican,195,98,1996-11-04,Defender
2010772094,Jake Melksham,186,83,1991-08-29,Forward
2011774263,Josh Mellington,188,80,1992-12-29,Forward
2014777376,Tim Membrey,190,89,1994-05-26,Forward
2015771592,Connor Menadue,187,80,1996-09-19,Defender
2016776590,Sam Menegola,189,89,1992-03-07,Midfield
2010771251,Daniel Menzel,190,90,1991-09-13,Forward
2013777215,Troy Menzel,187,84,1994-09-22,Forward
2022774199,Jye Menzie,180,81,2002-10-28,Forward
2005771138,Daniel Merrett,195,103,1984-12-12,Defender
2012773803,Jackson Merrett,185,83,1993-02-27,"Defender, Forward"
2014779731,Zach Merrett,180,83,1995-10-03,Midfield
2022779729,Carter Michael,188,83,2002-05-22,Defender
2013774310,Sam Michael,199,98,1993-07-05,Ruck
2023773828,Max Michalanney,190,80,2004-02-26,Defender
2013774143,Viv Michie,185,85,1992-02-23,Midfield
2019776865,Gryan Miers,178,78,1999-03-30,Forward
2018778422,Brody Mihocek,192,97,1993-02-04,Forward
2012773953,Terry Milera,185,68,1988-01-08,Forward
2016776481,Wayne Milera,184,81,1997-09-14,"Defender, Midfield"
2012778978,Anthony Miles,180,81,1992-02-28,Midfield
2017773522,Teia Miles,180,70,1996-11-02,Defender
2021778136,Ben Miller,195,95,1999-08-31,Defender
2002771036,Brad Miller,194,96,1983-07-06,Forward
2015778053,Touk Miller,178,83,1996-02-22,Midfield
2016773830,Callum Mills,189,83,1997-04-02,"Defender, Midfield"
2001772467,Stephen Milne,176,83,1980-03-08,Forward
2013774263,Darren Minchington,179,82,1993-12-09,Forward
2004771306,Will Minson,199,106,1985-04-11,Ruck
2018771785,David Mirra,186,89,1991-03-20,Defender
2024775786,Caleb Mitchell,186,81,2004-08-10,"Defender, Midfield"
2013773804,Kane Mitchell,174,74,1989-12-01,Midfield
2012772598,Luke Mitchell,198,94,1992-02-28,Forward
2002775293,Sam Mitchell,180,84,1982-10-12,Midfield
2023777956,Seamus Mitchell,181,80,2002-07-03,Defender
2013777613,Tom Mitchell,182,84,1993-05-31,Midfield
2012772311,Tim Mohr,196,103,1988-10-19,Defender
2024777781,Ashton Moir,188,85,2005-04-15,Forward
2013773349,Craig Moller,204,86,1994-08-22,Ruck
2003772806,Brent Moloney,181,88,1984-01-28,Midfield
2005779634,Angus Monfries,185,78,1987-01-19,Forward
2024772788,Andy Moniz-Wakefield,182,73,2003-10-26,Forward
2002777090,Leigh Montagna,178,76,1983-11-02,Defender
2012772480,Caolan Mooney,184,76,1993-01-25,Forward
2010773626,Andrew Moore,189,87,1991-05-30,Midfield
2016772990,Callum Moore,193,85,1996-09-03,Forward
2015778467,Darcy Moore,203,100,1996-01-25,Defender
2019777733,Dylan Moore,176,70,1999-08-04,Forward
2004775140,Kelvin Moore,190,84,1984-03-25,Defender
2010776412,Anthony Morabito,189,93,1991-10-29,Midfield
2025779880,Christian Moraes,183,74,2006-11-08,Midfield
2018772830,Alex Morgan,182,83,1996-01-28,Defender
2005778389,Dale Morris,190,91,1982-12-29,Defender
2020772347,Josh Morris,186,76,2001-11-07,Forward
2024778489,Logan Morris,191,90,2005-05-10,Forward
2012775227,Steven Morris,185,83,1988-12-31,Defender
2017775642,Harry Morrison,180,79,1998-11-12,"Defender, Midfield"
2008774428,Cale Morton,192,86,1990-01-18,Midfield
2005771423,Mitch Morton,184,83,1987-01-28,Forward
2020778512,Irving Mosquito,176,72,2000-08-24,Forward
2022778389,Jesse Motlop,176,76,2003-11-23,Forward
2010777559,Steven Motlop,183,76,1991-03-12,Forward
2017771652,Declan Mountford,181,75,1997-02-13,"Defender, Midfield"
2023779523,Ned Moyle,206,104,2002-02-15,Ruck
2011772164,Aaron Mullett,184,82,1992-02-23,Defender
2023777924,Oisin Mullin,182,85,2000-02-11,Defender
2008773839,Shane Mumford,197,105,1986-07-05,Ruck
2005777934,David Mundy,193,94,1985-07-20,Midfield
2013772131,Brodie Murdoch,188,78,1994-01-21,Forward
2012773837,Jordan Murdoch,190,87,1992-03-23,Defender
2018774782,Lachlan Murphy,176,76,1998-12-04,Forward
2006779329,Marc Murphy,180,80,1987-07-19,Midfield
2018776267,Nathan Murphy,190,79,1999-12-15,Defender
2000776043,Robert Murphy,187,81,1982-06-09,Defender
2005777740,Tom Murphy,189,85,1986-03-19,Defender
2018773254,Tom Murphy,189,82,1998-01-19,Defender
2021778762,Nick Murray,195,97,2000-12-18,Defender
2018779630,Sam Murray,187,86,1997-09-02,Defender
2018776764,Kobe Mutch,187,83,1998-03-18,Midfield
2017772257,Kurt Mutimer,184,81,1997-03-11,Defender
2008772107,David Myers,191,89,1989-06-30,Midfield
2011775433,Tendai Mzungu,183,86,1986-02-28,Midfield
2009783110,Robin Nahas,176,72,1987-11-10,Forward
2019784270,Patrick Naish,182,75,1999-01-15,Midfield
2014786629,Sam Naismith,206,108,1992-07-16,Ruck
2009787123,Nic Naitanui,201,110,1990-05-04,Ruck
2023787196,Luke Nankervis,191,85,2003-05-25,Defender
2015789802,Toby Nankervis,199,102,1994-08-12,Ruck
2018788777,Quinton Narkle,181,80,1997-12-03,Midfield
2018783190,Conor Nash,197,93,1998-07-28,Forward
2018781136,Aaron Naughton,195,89,1999-11-30,Forward
2013788331,Jake Neade,170,67,1994-05-29,Forward
2015783703,Alex Neal-Bullen,182,80,1996-01-09,Forward
2012786162,Lachie Neale,177,85,1993-05-24,Midfield
2022788998,Shannon Neale,203,100,2002-07-25,Forward
2012789418,Ryan Neates,169,68,1991-06-21,Midfield
2015788609,Jackson Nelson,187,85,1996-03-15,Defender
2021789985,Jai Newcombe,186,85,2001-08-02,Midfield
2002784639,Chris Newman,183,81,1982-05-18,Defender
2012783384,Murray Newman,179,70,1993-11-18,Forward
2017786748,Nic Newman,187,83,1993-01-15,Defender
2012787112,Jack Newnes,186,82,1993-02-24,Midfield
2014783574,Ben Newton,183,84,1992-08-08,"Midfield, Forward"
2025784370,Jacob Newton,179,76,2006-03-20,Forward
2025783844,Jayden Nguyen,178,70,2006-07-27,"Defender, Midfield"
2011781862,Tom Nicholls,203,102,1992-03-04,Ruck
2011784999,Daniel Nicholson,183,78,1990-11-02,Defender
2017784654,Dan Nielson,194,96,1996-05-09,Defender
2019789839,John Noble,180,72,1997-03-25,Defender
2017789829,Ryan Nyhuis,188,88,1996-09-06,Defender
2022787137,Bigoa Nyuon,197,93,2001-05-18,Forward
2010791805,Jesse OBrien,184,71,1991-02-13,Midfield
2018794004,Lochie OBrien,184,78,1999-09-18,Midfield
2012796395,Nick OBrien,188,91,1993-06-26,Midfield
2016798113,Reilly OBrien,202,101,1995-08-20,Ruck
2014793667,Tim OBrien,193,90,1994-03-28,Forward
2014794195,Zac OBrien,183,78,1990-10-27,Midfield
2025796058,Liam OConnell,189,84,2003-03-04,no position
2017798614,Mark OConnor,191,87,1997-01-17,"Defender, Midfield"
2021793759,Ronin OConnor,191,85,2001-02-01,Midfield
2023792381,James ODonnell,197,88,2002-08-31,Defender
2022799317,Nathan ODriscoll,188,82,2002-05-17,Midfield
2022797962,Hewago Oea,172,70,2001-11-13,"Midfield, Forward"
2025796792,Harry OFarrell,196,87,2006-05-03,no position
2005791210,Setanta OhAilpin,199,100,1983-03-18,"Forward, Ruck"
2020795814,Xavier OHalloran,186,84,2000-07-11,Midfield
2012792747,Brett OHanlon,189,87,1993-07-17,Forward
2000798812,Ryan OKeefe,187,88,1981-01-24,Midfield
2025792098,Hudson OKeeffe,202,94,2004-12-16,Ruck
2011795236,Rhys OKeeffe,188,86,1990-08-08,Defender
2016799932,Clayton Oliver,187,85,1997-07-22,Midfield
2013794024,Jaeger OMeara,183,82,1994-02-23,Midfield
2020793920,Xavier ONeill,185,81,2000-08-03,Midfield
2018799068,Colin ORiordan,187,87,1995-10-12,Defender
2013797914,Jonathan ORourke,184,80,1994-04-21,Midfield
2013799246,Leigh Osborne,182,81,1990-03-13,Defender
2001799727,Michael Osborne,178,81,1982-07-29,Forward
2011797972,Cameron OShea,193,91,1992-03-13,Defender
2024794354,Connor OSullivan,198,92,2005-05-19,Defender
2025796095,Finn OSullivan,182,70,2006-05-30,"Defender, Midfield"
2008795429,Andy Otten,194,92,1989-05-15,Defender
2022795100,Mitch Owens,190,85,2003-09-24,Forward
2020794973,Matthew Owies,179,84,1997-03-19,Forward
2013798422,Adam Oxley,192,78,1992-11-01,Defender
2012809847,Jackson Paine,192,95,1993-06-21,Forward
2016808190,Jesse Palmer,188,86,1996-10-17,Forward
2008804553,Rhys Palmer,181,83,1989-02-13,Forward
2013801954,Marco Paparone,194,88,1994-09-03,Defender
2016803212,Tom Papley,178,76,1996-07-13,Forward
2017807670,Brandan Parfitt,180,79,1998-04-27,"Midfield, Forward"
2016804522,Darcy Parish,181,77,1997-07-25,Midfield
2011807692,Luke Parker,183,87,1992-10-25,Midfield
2019801558,Matthew Parker,190,75,1996-01-25,Forward
2024807419,Wil Parker,183,82,2002-05-29,Defender
2021803509,Luke Parks,189,93,2001-04-18,Defender
2022807234,Patrick Parnell,177,71,2002-03-04,Defender
2017804412,James Parsons,190,82,1997-04-12,Midfield
2017803001,Luke Partington,181,79,1997-03-05,Forward
2006805596,Joel Patfull,190,90,1984-12-07,Defender
2018802965,Ben Paton,187,79,1998-10-19,Defender
2011802554,Liam Patrick,189,72,1988-03-04,Forward
2012805807,Jonathon Patton,198,102,1993-05-20,Forward
2000807726,Matthew Pavlich,192,99,1981-12-31,Forward
2025808689,Geordie Payne,184,83,2005-11-06,"Midfield, Forward"
2020806330,Jack Payne,197,101,1999-10-15,Defender
2005809838,Brett Peake,186,86,1983-07-05,Midfield
2015804220,Alex Pearce,201,101,1995-06-09,Defender
2009808725,Clancee Pearce,182,85,1990-10-23,"Defender, Midfield"
2012807071,Daniel Pearce,191,76,1993-01-22,Midfield
2005802459,Danyle Pearce,178,79,1986-04-07,Forward
2008809390,Tayte Pears,191,92,1990-03-24,Defender
2021802858,James Peatling,182,73,2000-08-21,Forward
2011801163,Cameron Pedersen,193,95,1987-03-17,"Forward, Ruck"
2021804782,Luke Pedlar,183,80,2002-05-17,Midfield
2006801835,Scott Pendlebury,191,90,1988-01-07,Midfield
2020805815,Flynn Perez,187,82,2001-08-25,Defender
2023801264,Jack Peris,178,74,2003-12-17,"Midfield, Forward"
2021809035,Archie Perkins,185,87,2002-03-26,"Midfield, Forward"
2017805026,Harry Perryman,184,80,1998-12-19,Midfield
2016803810,Christian Petracca,186,96,1996-01-04,Forward
2009801400,Jared Petrenko,178,82,1989-12-22,Forward
2017803423,Sam Petrevski-Seton,182,78,1998-02-19,"Defender, Midfield"
2001801982,Drew Petrie,197,101,1982-10-15,Forward
2018804230,Jack Petruccelle,185,80,1999-04-12,Forward
2007807561,Ricky Petterd,185,85,1988-07-24,"Midfield, Forward"
2018802450,Harry Petty,197,83,1999-11-12,"Defender, Forward"
2008806675,Darren Pfeiffer,184,83,1987-09-28,Midfield
2023803917,Mattaes Phillipou,190,88,2004-12-27,Forward
2012806200,Andrew Phillips,201,98,1991-07-03,Ruck
2018803773,Ed Phillips,187,80,1998-03-29,Midfield
2024809843,Ethan Phillips,197,90,1999-07-17,Defender
2006803498,Simon Phillips,174,71,1987-04-05,Forward
2016801382,Tom Phillips,187,79,1996-05-07,Midfield
2021802041,Will Phillips,180,80,2002-05-22,"Midfield, Forward"
2020809776,Sam Philp,185,80,2001-08-04,Midfield
2009806801,Liam Picken,184,83,1986-08-01,Forward
2017801122,Jarrod Pickett,178,77,1996-08-18,Forward
2020802101,Kysaiah Pickett,170,67,2001-06-02,Forward
2019805439,Marlion Pickett,184,84,1992-01-06,Midfield
2016801117,Lewis Pierce,203,103,1994-11-16,Ruck
2024804685,Toby Pink,194,94,1998-08-11,"Defender, Forward"
2011808926,Jayden Pitt,189,76,1992-10-07,Defender
2011802211,Jasper Pittard,186,84,1991-04-01,Defender
2016801287,Marc Pittonet,202,105,1996-06-03,Ruck
2013803908,Lachie Plowman,193,90,1994-09-11,Defender
2010807356,James Podsiadly,193,100,1981-09-10,Forward
2018807950,Myles Poholke,186,86,1998-07-10,Forward
2011803275,Jared Polec,187,84,1992-10-12,Midfield
2008801314,James Polkinghorne,184,87,1989-01-21,Midfield
2006801047,Dean Polo,187,83,1986-08-05,Midfield
2017809983,Cameron Polson,177,76,1998-03-11,Forward
2006803072,Jason Porplyzia,177,80,1984-11-27,Forward
2020802610,Callum Porter,182,76,1999-02-22,Midfield
2009806624,Jayden Post,195,93,1989-12-05,"Defender, Forward"
2021805676,Caleb Poulter,192,79,2002-10-12,"Midfield, Forward"
2021805517,Tom Powell,183,74,2002-03-02,"Midfield, Forward"
2018804468,Wil Powell,185,76,1999-08-26,Defender
2017804970,Sam Powell-Pepper,187,91,1998-01-08,"Midfield, Forward"
1998808544,Luke Power,179,78,1980-01-08,"Midfield, Forward"
2011807722,Dion Prestia,175,82,1992-10-12,Midfield
2017804708,Braydon Preuss,206,109,1995-06-16,Ruck
2006804563,Matt Priddis,184,90,1985-03-21,Midfield
2021804686,Jaxon Prior,188,79,2001-06-04,"Defender, Midfield"
2015804206,Josh Prudden,182,80,1994-09-06,Defender
2011809824,Paul Puopolo,173,78,1987-12-02,Forward
2009804032,Mike Pyke,201,104,1984-03-24,Ruck
2019813547,Isaac Quaynor,180,83,2000-01-15,Defender
2022822906,Josh Rachele,180,78,2003-04-11,Forward
2004829572,Andrew Raines,183,82,1986-03-08,Midfield
2021823893,Hugo Ralphsmith,186,70,2001-11-09,"Midfield, Forward"
2025824821,Harrison Ramm,202,100,2006-12-05,Defender
2013825860,Dane Rampe,187,88,1990-06-02,Defender
2014825982,Jackson Ramsay,184,82,1994-11-20,Defender
2023823519,Max Ramsden,203,86,2003-04-19,Forward
2009822285,Alex Rance,194,96,1989-10-09,Defender
2020825672,Izak Rankine,179,76,2000-04-23,Forward
2021824683,Jay Rantall,184,82,2001-06-10,Midfield
2018829920,Esava Ratugolea,197,102,1998-07-24,"Forward, Ruck"
2024826473,Loch Rawlinson,177,72,2005-06-01,"Midfield, Forward"
2004828949,Farren Ray,187,84,1986-03-23,Midfield
2018824025,Cam Rayner,187,90,1999-10-21,Forward
2024821716,Ethan Read,202,92,2005-07-07,"Forward, Ruck"
2009825096,Jack Redden,190,85,1990-12-09,Midfield
2012829302,Jarrad Redden,205,107,1990-12-27,Ruck
2016827438,Mason Redman,187,87,1997-08-26,Defender
2014821865,Jack Redpath,194,100,1990-12-13,Forward
2021824066,Ned Reeves,208,96,1998-10-31,Ruck
2025827055,Archer Reid,203,94,2005-09-19,"Forward, Ruck"
2007822373,Ben Reid,196,98,1989-04-29,Forward
2024825391,Harley Reid,187,85,2005-04-17,"Midfield, Forward"
2025822768,Murphy Reid,181,77,2006-07-30,"Midfield, Forward"
2020829441,Nic Reid,188,86,1995-09-04,Forward
2008827999,Sam Reid,188,85,1989-11-07,Defender
2010829216,Sam Reid,196,100,1991-12-27,Forward
2021825839,Zach Reid,202,82,2002-03-02,Defender
2024824582,Liam Reidy,204,104,2000-06-14,Ruck
2002824246,Brent Reilly,183,85,1983-11-12,Defender
2007824625,Kyle Reimers,182,85,1989-01-10,Forward
2008822700,Brent Renouf,200,98,1988-05-03,Ruck
2024826618,Bruce Reville,185,80,2001-02-22,"Midfield, Forward"
2020827511,Jake Riccardi,195,92,1999-11-07,Forward
2018822513,Bailey Rice,184,88,1997-02-10,Defender
2009828438,Daniel Rich,183,87,1990-06-07,Defender
2018824626,Ed Richards,185,79,1999-07-03,"Midfield, Forward"
2024829760,Joe Richards,177,71,1999-11-23,Forward
2002828417,Ted Richards,192,94,1983-01-11,Defender
2013827893,Xavier Richards,196,93,1993-04-25,Defender
2018826450,Jordan Ridley,192,91,1998-10-20,Defender
2007822538,Jack Riewoldt,193,92,1988-10-31,Forward
2001823842,Nick Riewoldt,193,92,1982-10-17,Forward
2011826393,Aidan Riley,183,86,1991-12-13,Midfield
2008822999,Cyril Rioli,177,80,1989-07-14,Forward
2016827316,Daniel Rioli,179,76,1997-04-16,Forward
2021824998,Maurice Rioli,179,75,2002-09-01,"Midfield, Forward"
2018824386,Willie Rioli,175,80,1995-06-04,Forward
2004828133,Michael Rischitelli,185,84,1986-01-08,Defender
2003822248,Jared Rivers,194,94,1984-10-18,Defender
2020821360,Trent Rivers,188,85,2001-07-30,"Defender, Midfield"
2010828665,Dylan Roberton,194,94,1991-06-21,Defender
2024829848,Archie Roberts,184,79,2005-11-18,Defender
2012823366,Fletcher Roberts,196,92,1993-06-03,Defender
2022829920,Matt Roberts,184,84,2003-07-31,Midfield
2003825135,Lewis Roberts-Thomson,194,92,1983-09-08,"Defender, Forward"
2020822855,Deven Robertson,182,80,2001-06-30,Midfield
2014827563,Nick Robertson,191,98,1995-06-03,Defender
2015822754,Dan Robinson,184,85,1994-07-03,Forward
2009829652,Mitch Robinson,184,90,1989-06-07,Midfield
2009824522,Tom Rockliff,185,85,1990-02-22,Midfield
2002824259,David Rodan,173,87,1983-10-08,Midfield
2024825757,Jake Rogers,172,68,2005-03-02,Midfield
2010827761,Gary Rohan,189,92,1991-06-07,Forward
2018822289,Ben Ronke,183,76,1997-12-18,Forward
2005821974,Matt Rosa,191,84,1986-11-23,Midfield
2021829998,Malcolm Rosas,175,70,2001-06-27,Forward
2015827922,James Rose,185,79,1996-04-16,Forward
2008826272,Ben Ross,179,74,1988-09-21,Midfield
2019827224,Jack Ross,187,85,2000-09-03,Midfield
2012821790,Sebastian Ross,188,88,1993-05-07,Midfield
2019824307,Josh Rotham,193,86,1998-02-25,Defender
2005825900,Jarryd Roughead,193,98,1987-01-23,Forward
2010821389,Jordan Roughead,200,101,1990-11-03,Defender
2011828076,Luke Rounds,181,75,1991-02-10,Midfield
2019826450,James Rowbottom,186,78,2000-09-19,"Midfield, Forward"
2021823478,James Rowe,173,73,1999-09-17,Forward
2013821966,Sam Rowe,199,98,1987-11-19,Defender
2020827213,Matt Rowell,178,74,2001-07-01,Midfield
2023826562,Harry Rowston,182,82,2004-08-12,Midfield
2019822304,Connor Rozee,185,74,2000-01-22,Forward
2016822790,Tom Ruggles,186,86,1992-04-25,Defender
2020829408,Trey Ruscoe,190,90,2001-11-03,"Defender, Midfield"
2005823883,Jordan Russell,188,86,1986-11-06,Defender
2011825234,Luke Russell,186,83,1992-01-24,"Midfield, Forward"
2003826623,Ben Rutten,190,98,1983-05-28,Defender
2023825926,Brandon Ryan,200,91,1997-11-07,Forward
2023824165,Jakob Ryan,189,80,2004-09-20,Defender
2018829119,Liam Ryan,179,72,1996-10-02,Forward
2017821854,Luke Ryan,187,92,1996-02-06,Defender
2021823551,Samson Ryan,206,96,2000-12-09,Ruck
2006825930,Paddy Ryder,197,94,1988-03-14,"Forward, Ruck"
2015839510,Adam Saad,178,78,1994-07-23,Defender
2012838534,Ahmed Saad,175,75,1989-10-09,Forward
2014831646,Christian Salem,183,81,1995-07-15,Defender
2024838702,Ryley Sanders,186,86,2005-01-21,"Midfield, Forward"
2003837329,Aaron Sandilands,211,118,1982-12-06,Ruck
2022835065,Jack Saunders,180,76,2002-02-11,Forward
2013832932,Josh Saunders,180,78,1994-08-31,Forward
2009834944,Shane Savage,187,82,1991-01-05,Defender
1998837221,Matthew Scarlett,192,94,1979-06-05,Defender
2016839938,Josh Schache,199,94,1997-08-21,Forward
2015837771,Henry Schade,197,89,1993-10-08,Defender
2015838906,Matt Scharenberg,191,87,1995-09-18,Defender
2017837636,Brad Scheer,184,84,1998-08-31,"Midfield, Forward"
2003835745,Adam Schneider,175,79,1984-05-12,Forward
2020839071,Harry Schoenberg,180,78,2001-02-21,Midfield
2016838317,Josh Schoenfeld,186,75,1997-07-03,Forward
2024834032,Arie Schoenmaker,194,91,2005-01-07,Defender
2009838202,Ryan Schoenmakers,195,94,1990-11-08,Forward
2007839508,Will Schofield,196,92,1989-01-24,Defender
2012835365,Jordan Schroder,182,85,1992-12-05,Midfield
2019836646,Lachie Schultz,178,78,1997-11-30,Forward
2003832712,Jay Schulz,193,94,1985-04-18,Forward
2012839503,Sam Schulz,183,76,1992-09-19,Midfield
2019839612,Angus Schumacher,192,83,1999-03-16,Defender
1999839226,Heath Scotland,182,82,1980-07-21,Defender
2021837430,Anthony Scott,180,76,1995-02-28,"Midfield, Forward"
2019839062,Bailey Scott,186,73,2000-07-09,"Midfield, Forward"
2017838024,Jack Scrimshaw,193,88,1998-09-04,Defender
2010833880,Tom Scully,181,80,1991-05-15,"Midfield, Forward"
2004837157,Mark Seaby,199,101,1984-05-01,Ruck
2012834096,Paul Seedsman,190,87,1992-01-22,Midfield
2008831154,James Sellar,196,98,1989-03-24,"Defender, Forward"
2024835973,Tyler Sellers,193,90,2002-08-09,Forward
2003835215,Adam Selwood,189,84,1984-05-01,Defender
2007835833,Joel Selwood,183,84,1988-05-26,Midfield
2008832831,Scott Selwood,186,85,1990-03-27,Midfield
2020833845,Caleb Serong,178,83,2001-02-09,Midfield
2022835199,Jai Serong,193,82,2003-02-16,Defender
2017832504,Will Setterfield,192,87,1998-02-05,Midfield
2004833822,Brad Sewell,181,86,1984-02-02,Midfield
2012836288,Alex Sexton,186,83,1993-12-03,Forward
2025838831,Jobe Shanahan,195,87,2006-08-02,Forward
2021839564,Cooper Sharman,193,83,2000-07-25,Forward
2021838158,Harry Sharp,183,69,2002-12-17,"Defender, Midfield"
2020833450,Jeremy Sharp,187,79,2001-08-13,Midfield
2005836583,Heath Shaw,183,86,1985-11-27,Defender
2011834758,Matt Shaw,187,82,1992-02-05,Midfield
2000833271,Rhyce Shaw,182,81,1981-10-16,Defender
2012832815,Sam Shaw,193,90,1991-04-05,Defender
2023834304,Marc Sheather,185,86,2002-06-11,"Defender, Forward"
2014839842,Dom Sheed,185,87,1995-04-10,Midfield
2014834501,Ciaran Sheehan,188,80,1990-11-19,Defender
2023835602,Harry Sheezel,185,80,2004-10-13,Defender
2009831335,Sam Sheldon,184,80,1989-03-08,Midfield
2022834595,Angus Sheldrick,179,86,2003-11-07,Midfield
2013831828,Cameron Shenton,188,83,1990-09-27,Defender
2010837155,Brad Sheppard,187,85,1991-05-23,Defender
2012833453,Tom Sheridan,187,82,1993-10-28,Midfield
2012838226,Jackson Sheringham,178,73,1988-06-22,Midfield
2005833394,Justin Sherman,183,89,1987-01-26,"Midfield, Forward"
2012834776,Dylan Shiel,182,83,1993-03-09,Midfield
2009832661,Liam Shiels,183,84,1991-04-29,Midfield
2018835317,Nick Shipley,188,95,1999-06-25,Midfield
2020838794,Lachlan Sholl,185,77,2000-03-07,Defender
2016835840,Jayden Short,178,76,1996-01-24,Defender
2010833473,Luke Shuey,183,90,1990-06-02,Midfield
2015831293,James Sicily,186,87,1995-01-06,Defender
2009833817,Steele Sidebottom,184,85,1991-01-02,"Midfield, Forward"
2018833083,Brayden Sier,191,88,1997-12-12,Midfield
2013831687,Will Sierakowski,187,82,1990-07-26,Defender
2010836184,Alex Silvagni,192,93,1987-09-29,Defender
2016833015,Jack Silvagni,194,89,1997-12-17,Forward
2012835114,Jonathan Simpkin,181,81,1987-10-28,"Midfield, Forward"
2017831292,Jy Simpkin,182,75,1998-03-05,Midfield
2011831447,Tom Simpkin,191,92,1990-08-07,"Defender, Forward"
2024835494,Cooper Simpson,182,79,2005-02-13,"Midfield, Forward"
2010833126,Dawson Simpson,210,110,1989-02-17,Ruck
2013835834,Josh Simpson,184,73,1994-02-09,"Midfield, Forward"
2003836344,Kade Simpson,183,75,1984-05-05,Defender
2017831987,Sam Simpson,180,68,1998-06-14,Forward
2025834833,Tom Sims,199,92,2006-05-12,no position
2011832365,Ben Sinclair,183,80,1991-10-01,Defender
2013835249,Callum Sinclair,200,96,1989-09-23,Ruck
2015834201,Jack Sinclair,181,81,1995-02-12,"Defender, Midfield"
2022831809,Josh Sinn,187,78,2003-01-07,Midfield
2011835310,Arryn Siposs,189,90,1992-11-25,Forward
2017833334,Sam Skinner,197,94,1997-06-29,Forward
2011838967,Zephaniah Skinner,189,79,1989-06-27,Forward
2005837579,Henry Slattery,185,86,1986-01-22,Defender
2009835778,Rory Sloane,182,83,1990-03-17,Midfield
2025838658,Oskar Smartt,180,84,2005-10-26,Forward
2012836294,Billie Smedts,190,85,1992-06-08,"Midfield, Forward"
2016835010,Archie Smith,201,102,1995-07-19,Ruck
2010839216,Ashley Smith,186,85,1990-07-20,Defender
2019836618,Bailey Smith,185,80,2000-12-07,"Midfield, Forward"
2011832909,Brodie Smith,189,90,1992-01-14,Defender
2012833342,Clay Smith,181,85,1993-05-11,Forward
2015837730,Clem Smith,178,78,1996-02-03,"Defender, Forward"
2012833121,Devon Smith,174,77,1993-05-20,"Midfield, Forward"
2024837681,Henry Smith,206,82,2002-09-24,"Forward, Ruck"
2011833883,Isaac Smith,188,83,1988-12-30,"Midfield, Forward"
2017838949,Joel Smith,191,87,1996-02-25,Defender
2016838200,Josh Smith,180,80,1994-01-02,Forward
2024832663,Kaleb Smith,181,77,2004-11-20,Defender
2008835971,Nick Smith,183,83,1988-06-12,Defender
2015835077,Roarke Smith,181,74,1996-09-11,"Midfield, Forward"
2013831213,Tanner Smith,196,90,1994-03-08,Defender
2017834225,Tim Smith,192,94,1991-02-20,Forward
2011839963,Zac Smith,206,105,1990-02-22,Ruck
2016835941,Will Snelling,175,70,1997-08-06,Forward
2017831192,Ivan Soldo,204,106,1996-04-14,Ruck
2022836071,Jake Soligo,180,80,2003-01-25,Midfield
2022831276,Tyler Sonsie,181,73,2003-01-27,Forward
2008838939,Matthew Spangher,195,96,1987-04-23,Defender
2018831644,Charlie Spargo,173,71,1999-11-25,Forward
2019831764,Tom Sparrow,183,82,2000-05-31,Forward
2009838909,Jake Spencer,203,103,1989-10-09,Ruck
2017835168,Max Spencer,190,82,1997-10-04,Defender
2021835338,Phoenix Spicer,173,64,2002-01-30,"Midfield, Forward"
2019834419,Zach Sproule,197,92,1998-05-12,Forward
2012838322,Lee Spurr,182,82,1987-07-27,Defender
2019838360,Sydney Stack,179,72,2000-04-28,Defender
2003835046,Brent Staker,196,98,1984-05-23,Forward
2007838672,Danny Stanley,187,90,1988-02-18,Forward
2023832671,Ethan Stanley,188,81,2003-11-13,Midfield
2010834704,Rhys Stanley,200,102,1990-12-01,Ruck
2004837240,Brent Stanton,183,82,1986-05-01,Midfield
2018836883,Brandon Starcevich,188,88,1999-07-24,"Defender, Midfield"
2015835970,Jack Steele,187,90,1995-12-13,Midfield
2025833592,Roan Steele,183,78,2002-09-19,Midfield
2019837061,Jake Stein,195,95,1994-01-17,Defender
2014836270,Ariel Steinberg,191,86,1992-08-26,Defender
2017831025,Tyson Stengle,172,73,1998-10-19,Forward
2022839545,Cooper Stephens,188,86,2001-01-17,Midfield
2020837863,Dylan Stephens,183,69,2001-02-08,Midfield
2018835819,Jaidyn Stephenson,188,78,1999-01-15,"Midfield, Forward"
2012834610,Orren Stephenson,200,104,1982-07-15,Ruck
2009836029,Jack Steven,180,83,1990-03-28,"Midfield, Forward"
2025839545,George Stevens,189,101,2005-04-14,Midfield
2010831090,Koby Stevens,189,87,1991-06-18,Midfield
2010834076,Lewis Stevenson,189,88,1989-07-30,Defender
2010831207,Daniel Stewart,200,93,1988-10-30,Forward
2013833750,James Stewart,198,94,1994-03-04,"Defender, Forward"
2016833809,Kade Stewart,180,67,1997-01-16,Forward
2008831528,Paul Stewart,191,90,1987-07-10,Forward
2017836998,Tom Stewart,190,88,1993-03-15,Defender
2006834732,Cheynee Stiller,187,84,1986-05-03,Defender
2019833354,Liam Stocker,184,83,2000-01-23,Defender
2018833160,Ryley Stoddart,184,73,1999-10-15,Defender
2006838296,Mathew Stokes,176,75,1984-11-22,"Midfield, Forward"
2021833557,Conor Stone,188,81,2002-04-22,Forward
2020831323,Kieran Strachan,204,95,1995-10-05,"Forward, Ruck"
2010835476,Ben Stratton,189,88,1989-03-01,Defender
2010835934,James Strauss,185,82,1990-06-14,Defender
2015833635,Billy Stretch,180,80,1996-09-08,Midfield
2010833841,Andrew Strijk,183,84,1987-10-18,Forward
2013833968,Jake Stringer,192,95,1994-04-25,"Midfield, Forward"
2012831857,Jesse Stringer,182,73,1991-04-03,Midfield
2022834920,Luke Strnadica,203,103,1998-01-01,Ruck
2020834823,Sam Sturt,189,72,2000-05-12,Forward
2009833119,Nick Suban,182,85,1990-05-09,Midfield
2009831205,Matt Suckling,187,85,1988-07-25,Defender
2024832363,Lachlan Sullivan,180,81,1997-09-25,"Midfield, Forward"
2012835246,Liam Sumner,177,75,1993-08-16,Forward
2013836893,Timmy Sumner,187,89,1994-10-09,Forward
2004836210,Jacob Surjan,179,84,1985-08-15,Defender
2012832028,Cam Sutcliffe,186,87,1992-05-23,Forward
2006838202,Andrew Swallow,182,80,1987-06-02,Midfield
2011834993,David Swallow,185,87,1992-11-19,Midfield
2003833172,Dane Swan,185,93,1984-02-25,Midfield
2021833790,Jordon Sweet,203,106,1998-02-02,Ruck
2009834870,Tom Swift,191,85,1990-07-06,Midfield
2018835969,Sam Switkowski,179,74,1996-11-20,Forward
2004836956,Colin Sylvia,186,86,1985-11-08,Forward
2004837773,Brad Symes,186,84,1985-03-07,Midfield
2013841110,Matthew Taberner,198,99,1993-06-17,Forward
2011843284,Daniel Talia,197,98,1991-10-02,Defender
2012846405,Michael Talia,194,94,1993-02-11,Defender
2005843341,Richard Tambling,180,80,1986-09-12,Defender
2011846205,Seb Tape,191,83,1992-08-06,Defender
2011848287,Luke Tapscott,180,87,1991-06-28,Forward
2017848621,Tim Taranto,187,87,1998-01-28,Midfield
1998844351,Chris Tarrant,193,94,1980-09-18,Defender
2010848340,Robbie Tarrant,196,97,1989-04-25,Defender
2025844815,Alix Tauru,193,94,2006-11-16,"Defender, Forward"
2019848070,Curtis Taylor,187,78,2000-04-06,Forward
2020848404,Elijah Taylor,188,77,2001-05-01,"Midfield, Forward"
2008849301,Harry Taylor,195,94,1986-06-12,Defender
2011848552,Jeremy Taylor,191,83,1992-06-17,Defender
2014848528,Lewis Taylor,175,80,1995-02-17,Midfield
2018845175,Sam Taylor,196,93,1999-05-05,Defender
2024847236,Zac Taylor,180,74,2003-01-31,Midfield
2022848421,Brynn Teakle,204,96,1999-10-16,Ruck
2014848151,Eli Templeton,183,73,1995-08-19,Forward
2013846913,Dean Terlich,186,83,1989-12-13,Defender
2021845288,Riley Thilthorpe,200,99,2002-07-07,"Forward, Ruck"
2024844617,Koltyn Tholstrup,186,86,2005-06-28,Forward
2006847247,Dale Thomas,185,86,1987-06-21,Defender
2024845460,Harvey Thomas,176,69,2005-08-08,"Midfield, Forward"
2013847724,Josh Thomas,178,78,1991-10-01,Forward
2007843652,Lindsay Thomas,180,79,1988-02-29,Forward
2006845644,Matt Thomas,186,87,1987-02-27,Midfield
2019848953,Tarryn Thomas,189,74,2000-03-25,Forward
2011842973,Luke Thompson,194,88,1991-02-08,Defender
2011844132,Rory Thompson,200,100,1991-03-12,Defender
2008848015,Scott Thompson,193,96,1986-05-09,Defender
2001849962,Scott Thompson,184,86,1983-03-14,Midfield
2002849227,Bret Thornton,192,94,1983-11-15,"Defender, Forward"
2013846132,Jackson Thurlow,190,87,1994-03-28,Defender
2011842067,Joel Tippett,196,94,1988-10-26,Defender
2008845101,Kurt Tippett,202,105,1987-05-08,"Forward, Ruck"
2021849623,Anton Tohill,191,85,1999-12-14,Forward
2012848079,Adam Tomlinson,194,96,1993-08-10,"Defender, Midfield"
2007844339,Alan Toovey,189,89,1987-03-23,Defender
2013849678,Jimmy Toumpas,183,79,1994-01-02,Midfield
2014844457,Dean Towers,189,88,1990-05-04,Forward
2012849499,Jacob Townsend,187,89,1993-06-20,Forward
2011841022,Josh Toy,185,87,1992-04-18,Defender
2025848062,Luke Trainor,193,86,2006-04-10,Defender
2025848560,Tobie Travaglia,187,72,2006-10-26,"Defender, Midfield"
2021849113,Josh Treacy,193,94,2002-08-04,"Forward, Ruck"
2012841186,Adam Treloar,182,89,1993-03-09,Midfield
2025846317,Cooper Trembath,193,90,2005-10-17,Defender
2010845874,Jack Trengove,185,82,1991-09-02,Defender
2010846795,Jackson Trengove,197,97,1990-11-02,Defender
2022849211,Zane Trew,187,81,2002-04-26,Midfield
2023846591,James Trezise,188,76,2002-06-15,Defender
2023843400,Elijah Tsatas,187,80,2004-10-18,"Midfield, Forward"
2022848195,James Tsitas,181,84,1995-03-03,Forward
2004848739,Shane Tuck,189,92,1981-12-24,Midfield
2016849998,Darcy Tucker,184,83,1997-01-23,"Defender, Midfield"
2013849588,Simon Tunbridge,191,94,1993-04-01,Forward
2022842066,James Tunstill,187,75,2003-07-18,Forward
2011849258,Zach Tuohy,187,93,1989-12-10,"Defender, Midfield"
2022847014,Daniel Turner,194,88,2002-01-28,Defender
2014841299,Kayne Turner,180,75,1995-12-31,"Defender, Forward"
2011849852,Jason Tutt,177,81,1991-05-15,Midfield
2012844653,Josh Tynan,186,76,1993-11-06,Defender
2012844200,Dom Tyson,186,85,1993-06-08,Midfield
2012851232,Gerald Ugle,181,82,1993-01-31,Defender
2012851248,Kirk Ugle,172,73,1992-05-06,Forward
2021858050,Jamarra Ugle-Hagan,194,84,2002-04-04,Forward
2025851731,Rhys Unwin,179,74,2006-10-11,Midfield
2023857170,Bodhi Uwland,188,89,2003-07-25,Defender
2009861510,Jay van Berlo,186,86,1988-09-18,Midfield
2005861200,Nathan van Berlo,184,83,1986-06-06,"Defender, Midfield"
2023869816,Jacob van Rooyen,193,96,2003-04-16,Forward
2014864444,Dylan van Unen,188,85,1990-06-22,Midfield
2015861428,Aaron Vandenberg,191,90,1992-03-03,Midfield
2020867730,Laitham Vandermeer,180,77,1999-02-03,"Midfield, Forward"
2007864400,Travis Varcoe,180,84,1988-04-10,Forward
2011864351,Nathan Vardy,200,98,1991-06-25,Ruck
2018863157,Daniel Venables,187,84,1998-11-19,Forward
2008863393,Patrick Veszpremi,181,84,1989-09-01,Defender
2017865784,Ed Vickers-Willis,190,86,1996-03-28,Defender
2009861375,Ty Vickery,200,100,1990-05-31,Forward
2006865213,Bernie Vince,186,86,1985-10-02,Defender
2013864812,Jack Viney,178,84,1994-04-13,Midfield
2023863449,Dante Visentini,202,98,2003-02-13,Ruck
2025862799,Vigo Visentini,203,99,2005-09-05,Ruck
2013864952,Nick Vlastuin,187,88,1994-04-19,Defender
2024861760,Patrick Voss,195,90,2003-06-29,Forward
2016871564,Corey Wagner,181,75,1997-03-23,"Midfield, Forward"
2016877384,Josh Wagner,189,84,1994-06-24,Defender
2003874001,Jarrad Waite,194,96,1983-02-04,Forward
2004872188,Andrew Walker,190,89,1986-05-18,"Defender, Forward"
2021872846,Brandon Walker,183,75,2002-10-17,Defender
2012874022,Josh Walker,197,100,1992-11-12,Defender
2009877055,Taylor Walker,193,100,1990-04-25,Forward
2018872055,Will Walker,186,78,1999-03-30,"Midfield, Forward"
2011872415,Mitch Wallis,186,85,1992-10-24,Forward
2015878647,Brad Walsh,180,84,1996-09-03,Midfield
2019878858,Sam Walsh,184,80,2000-07-02,Midfield
2012879079,Tommy Walsh,195,97,1988-02-26,Forward
2024875163,Jed Walter,195,97,2005-06-08,Forward
2009873507,Michael Walters,178,78,1991-01-07,"Midfield, Forward"
2014879738,Derick Wanganeen,176,75,1991-02-05,Midfield
2022873296,Tex Wanganeen,179,78,2003-10-10,Forward
2022873149,Nasiah Wanganeen-Milera,187,71,2003-02-22,Defender
2008879369,Callan Ward,187,84,1990-04-10,Midfield
2022873683,Josh Ward,181,74,2003-08-17,Midfield
2023876648,George Wardlaw,182,79,2004-06-11,Midfield
2020878482,Chad Warner,181,80,2001-05-19,Midfield
2023874225,Corey Warner,182,77,2003-10-07,Forward
2006873450,Matthew Warnock,195,97,1984-04-03,Defender
2007873906,Robert Warnock,206,104,1987-01-19,Ruck
2009878123,Ben Warren,186,89,1989-02-11,Forward
2014878598,Max Warren,181,80,1993-01-29,Defender
2021873920,Alec Waterman,183,89,1996-08-19,Forward
2018874605,Jake Waterman,191,92,1998-05-06,Forward
2004878702,Beau Waters,188,87,1986-03-30,Defender
2019873059,Francis Watson,187,81,1995-09-29,Defender
2003874470,Jobe Watson,191,93,1985-02-08,Midfield
2011871547,Matthew Watson,195,101,1992-07-16,"Defender, Forward"
2024879212,Nick Watson,170,68,2005-02-24,"Midfield, Forward"
2020879167,Tobe Watson,190,83,1997-12-03,Defender
2009875413,Jack Watts,196,88,1991-03-26,Defender
2015877357,Lukas Webb,186,80,1996-03-04,Forward
2010879693,Jeromey Webberley,182,80,1988-07-12,Defender
2013872622,Jimmy Webster,188,83,1993-06-28,Defender
2023871901,Josh Weddle,191,92,2004-05-25,Defender
2022874564,Jacob Wehr,184,75,1998-07-05,Midfield
2016875200,Sam Weideman,195,97,1997-06-26,Forward
2020874392,Cody Weightman,177,73,2001-01-15,Forward
2016871370,Jacob Weitering,196,98,1997-11-23,Defender
2015876388,Lachie Weller,181,81,1996-02-23,"Midfield, Forward"
2011875794,Maverick Weller,182,87,1992-02-13,Forward
2008879314,Sharrod Wellingham,185,85,1988-07-07,Defender
2003879516,Daniel Wells,181,79,1985-02-03,Forward
2025874864,Charlie West,194,93,2006-02-01,"Forward, Ruck"
2021872717,Connor West,181,80,1999-05-07,Midfield
2019871174,Rhylee West,181,82,2000-07-12,Forward
2008875980,Trent West,199,103,1987-10-17,"Forward, Ruck"
2021879057,Joel Western,171,64,2002-10-12,Midfield
2007874401,Justin Westhoff,199,96,1986-10-01,"Midfield, Forward"
2012875086,Mark Whiley,188,87,1992-12-01,Midfield
2016878259,Brandon White,188,77,1997-01-13,Defender
2008879174,Jesse White,196,102,1988-01-09,Forward
2006876262,Matt White,180,82,1987-04-15,"Midfield, Forward"
2015875102,Mitch White,188,88,1996-04-10,Defender
2010872263,Simon White,190,92,1988-06-17,Defender
2014877399,Spencer White,196,84,1994-09-22,Forward
2025871025,Will White,177,63,2004-03-18,Forward
2009877879,Brendan Whitecross,183,86,1990-01-25,Forward
2013873745,Lachie Whitfield,187,81,1994-07-18,"Defender, Midfield"
2025877172,Jack Whitlock,200,92,2006-05-16,Forward
2025873462,Matt Whitlock,198,94,2006-05-16,"Defender, Forward"
2023876339,Cooper Whyte,181,81,2003-02-24,"Midfield, Forward"
2020879009,Sam Wicks,181,73,1999-09-14,Midfield
2019871580,Callum Wilkie,191,87,1996-03-10,Defender
2011875111,Joel Wilkinson,186,81,1991-11-29,Defender
2016878199,Reuben William,189,87,1997-12-31,Defender
2020879607,Bailey Williams,199,95,2000-04-17,Ruck
2016873012,Bailey Williams,187,85,1997-10-10,Midfield
2021872465,Dylan Williams,185,79,2001-07-01,"Midfield, Forward"
2022878603,Jack Williams,198,94,2003-12-01,Forward
2017879610,Josh Williams,189,73,1998-06-12,Midfield
2012874817,Marley Williams,181,83,1993-07-22,Defender
2007878910,Tom Williams,196,101,1986-07-17,Forward
2013879070,Zac Williams,185,84,1994-09-20,"Defender, Midfield"
2017878987,Tom Williamson,190,85,1998-12-12,Defender
2016879934,Mackenzie Willis,182,82,1995-08-07,Defender
2016871222,Rupert Wills,191,89,1993-05-20,Midfield
2017875332,Dallas Willsmore,191,85,1995-05-29,Midfield
2022877689,Darcy Wilmot,183,75,2003-12-31,Defender
2025873513,Billy Wilson,183,72,2005-06-16,"Defender, Midfield"
2013874109,Blayne Wilson,188,89,1992-01-26,Defender
2024878170,Darcy Wilson,185,74,2005-08-18,"Midfield, Forward"
2012871731,Nathan Wilson,185,81,1993-01-07,Defender
2018876297,Patrick Wilson,188,89,1994-12-11,Midfield
2021878393,Tom Wilson,194,77,1997-06-14,Forward
2025876566,Oliver Wiltshire,180,67,2002-09-15,"Midfield, Forward"
2021875898,Isiah Winder,180,79,2002-05-16,"Defender, Midfield"
2003876747,Jason Winderlich,188,82,1984-10-10,"Defender, Forward"
2022879379,Marcus Windhager,185,86,2003-05-16,"Defender, Midfield"
2024871352,Caleb Windsor,185,76,2005-06-09,"Midfield, Forward"
2013873126,Ollie Wines,190,99,1994-10-07,Midfield
2012874810,Chad Wingard,183,85,1993-07-29,"Midfield, Forward"
2017878846,Alex Witherden,188,85,1998-09-10,Defender
2013871743,Jarrod Witts,209,111,1992-09-13,Ruck
2023877479,Taj Woewodin,182,81,2003-03-26,Forward
1999874505,David Wojcinski,180,80,1980-09-18,Defender
2005876999,Cameron Wood,204,107,1987-03-04,Ruck
2009879614,Easton Wood,187,86,1989-09-04,Defender
2014878237,Mason Wood,192,87,1993-09-13,Forward
2020874600,Boyd Woodcock,179,76,2000-03-05,Forward
2014876049,Alex Woodward,181,77,1993-06-11,Midfield
2023871281,Karl Worner,188,83,2002-06-16,Defender
2018871911,James Worpel,185,85,1999-01-24,Midfield
2021873869,Josh Worrell,195,74,2001-04-11,"Defender, Forward"
2011872696,Matthew Wright,178,75,1989-12-14,Forward
2013871058,Nathan Wright,185,82,1994-02-16,Forward
2015873891,Peter Wright,203,103,1996-09-08,"Forward, Ruck"
2009872221,Sam Wright,188,85,1990-07-15,Defender
2012871162,Stephen Wrigley,187,83,1987-04-18,Defender
2020881875,Tristan Xerri,201,94,1999-03-15,"Forward, Ruck"
2012896089,Peter Yagmoor,180,82,1993-10-20,Defender
2009896563,Chris Yarran,180,82,1990-12-19,Defender
2016892098,Shane Yarran,185,79,1989-06-02,Forward
2012897871,Elliot Yeo,190,89,1993-10-01,Midfield
2012895734,Aaron Young,189,84,1992-12-06,Forward
2005893434,Clinton Young,189,88,1986-02-16,"Defender, Midfield"
2025892001,Flynn Young,181,72,2002-02-03,Forward
2020891340,Hayden Young,188,82,2001-04-11,Defender
2019898589,Lachie Young,189,81,1999-04-06,Defender
2017899644,Lewis Young,197,96,1998-12-20,Defender
2019898324,Robbie Young,178,76,1995-03-02,Forward
2011892729,Tom Young,191,91,1992-04-26,Defender
2023893336,Tylar Young,196,97,1998-09-05,Defender
2009901367,David Zaharakis,180,79,1990-02-21,Forward
2019904747,Brandon Zerk-Thatcher,195,86,1998-08-25,Defender
2009901211,Jack Ziebell,188,89,1991-02-28,"Midfield, Forward"
2012905229,Dayne Zorko,175,78,1989-02-09,Midfield
2017901846,Cameron Zurhaar,189,90,1998-05-22,Forward
